replica,tamanho,algoritmo,localidad,tiempo
0,1,8_1,si,0.40868258476257324
0,1,8_2,si,0.4577453136444092
0,1,16_2,si,0.45865559577941895
0,1,8_1,no,0.41238880157470703
0,1,8_2,no,0.45937538146972656
0,1,16_2,no,0.47849369049072266
0,2,8_1,si,1.674698829650879
0,2,8_2,si,1.8899590969085693
0,2,16_2,si,1.8981235027313232
0,2,8_1,no,1.6843650341033936
0,2,8_2,no,1.911729335784912
0,2,16_2,no,1.9070866107940674
0,3,8_1,si,3.7937798500061035
0,3,8_2,si,4.24622368812561
0,3,16_2,si,4.286169052124023
0,3,8_1,no,3.8238000869750977
0,3,8_2,no,4.259132146835327
0,3,16_2,no,4.312083721160889
0,4,8_1,si,6.814031600952148
0,4,8_2,si,7.675306081771851
0,4,16_2,si,7.58307671546936
0,4,8_1,no,6.831710338592529
0,4,8_2,no,7.5965211391448975
0,4,16_2,no,7.681820869445801
1,1,8_1,si,0.40147924423217773
1,1,8_2,si,0.45012569427490234
1,1,16_2,si,0.45369720458984375
1,1,8_1,no,0.40413570404052734
1,1,8_2,no,0.451704740524292
1,1,16_2,no,0.46013307571411133
1,2,8_1,si,1.6520116329193115
1,2,8_2,si,1.853055715560913
1,2,16_2,si,1.8730344772338867
1,2,8_1,no,1.6682260036468506
1,2,8_2,no,1.8687410354614258
1,2,16_2,no,1.8940048217773438
1,3,8_1,si,3.84881591796875
1,3,8_2,si,4.324070930480957
1,3,16_2,si,4.33024263381958
1,3,8_1,no,3.8584389686584473
1,3,8_2,no,4.294103145599365
1,3,16_2,no,4.2955944538116455
1,4,8_1,si,7.008407831192017
1,4,8_2,si,7.712903738021851
1,4,16_2,si,7.5944976806640625
1,4,8_1,no,6.823649883270264
1,4,8_2,no,7.604184865951538
1,4,16_2,no,7.656343221664429
2,1,8_1,si,0.4037296772003174
2,1,8_2,si,0.4548468589782715
2,1,16_2,si,0.45639848709106445
2,1,8_1,no,0.4045381546020508
2,1,8_2,no,0.45344090461730957
2,1,16_2,no,0.45473241806030273
2,2,8_1,si,1.6725609302520752
2,2,8_2,si,1.8605952262878418
2,2,16_2,si,1.8862254619598389
2,2,8_1,no,1.678389310836792
2,2,8_2,no,1.8739399909973145
2,2,16_2,no,1.9155139923095703
2,3,8_1,si,3.9238831996917725
2,3,8_2,si,4.27583909034729
2,3,16_2,si,4.42160964012146
2,3,8_1,no,3.8937296867370605
2,3,8_2,no,4.271193027496338
2,3,16_2,no,4.346507787704468
2,4,8_1,si,6.82625150680542
2,4,8_2,si,7.607066631317139
2,4,16_2,si,7.651949167251587
2,4,8_1,no,6.911769866943359
2,4,8_2,no,7.616750717163086
2,4,16_2,no,7.722702980041504
3,1,8_1,si,0.404407262802124
3,1,8_2,si,0.45324182510375977
3,1,16_2,si,0.45679593086242676
3,1,8_1,no,0.4058222770690918
3,1,8_2,no,0.45561671257019043
3,1,16_2,no,0.45941734313964844
3,2,8_1,si,1.662383794784546
3,2,8_2,si,1.8625943660736084
3,2,16_2,si,1.875549554824829
3,2,8_1,no,1.6753695011138916
3,2,8_2,no,1.8581392765045166
3,2,16_2,no,1.8835117816925049
3,3,8_1,si,3.9334192276000977
3,3,8_2,si,4.268877983093262
3,3,16_2,si,4.360341310501099
3,3,8_1,no,3.9027857780456543
3,3,8_2,no,4.343172788619995
3,3,16_2,no,4.288617372512817
3,4,8_1,si,6.787533283233643
3,4,8_2,si,7.606968879699707
3,4,16_2,si,7.706019639968872
3,4,8_1,no,6.8415327072143555
3,4,8_2,no,7.628406524658203
3,4,16_2,no,7.669457197189331
4,1,8_1,si,0.40003252029418945
4,1,8_2,si,0.45248937606811523
4,1,16_2,si,0.4547309875488281
4,1,8_1,no,0.40230417251586914
4,1,8_2,no,0.45213866233825684
4,1,16_2,no,0.4577789306640625
4,2,8_1,si,1.6607191562652588
4,2,8_2,si,1.8586623668670654
4,2,16_2,si,1.8785207271575928
4,2,8_1,no,1.6572003364562988
4,2,8_2,no,1.858363151550293
4,2,16_2,no,1.8816349506378174
4,3,8_1,si,3.808598756790161
4,3,8_2,si,4.238710641860962
4,3,16_2,si,4.298711061477661
4,3,8_1,no,3.8016395568847656
4,3,8_2,no,4.254776954650879
4,3,16_2,no,4.3088459968566895
4,4,8_1,si,6.828806638717651
4,4,8_2,si,7.5913426876068115
4,4,16_2,si,7.600799798965454
4,4,8_1,no,6.825989723205566
4,4,8_2,no,7.571836709976196
4,4,16_2,no,7.701843738555908
5,1,8_1,si,0.41138172149658203
5,1,8_2,si,0.460986852645874
5,1,16_2,si,0.4627108573913574
5,1,8_1,no,0.40753674507141113
5,1,8_2,no,0.4657433032989502
5,1,16_2,no,0.46283912658691406
5,2,8_1,si,1.6651811599731445
5,2,8_2,si,1.8927068710327148
5,2,16_2,si,1.8753383159637451
5,2,8_1,no,1.6809723377227783
5,2,8_2,no,1.8616797924041748
5,2,16_2,no,1.8893325328826904
5,3,8_1,si,3.782930612564087
5,3,8_2,si,4.3568737506866455
5,3,16_2,si,4.316332578659058
5,3,8_1,no,3.834123373031616
5,3,8_2,no,4.337591648101807
5,3,16_2,no,4.397310972213745
5,4,8_1,si,6.754622220993042
5,4,8_2,si,7.755792856216431
5,4,16_2,si,7.674009799957275
5,4,8_1,no,6.811632871627808
5,4,8_2,no,7.639355897903442
5,4,16_2,no,7.738751173019409
6,1,8_1,si,0.40584564208984375
6,1,8_2,si,0.4534633159637451
6,1,16_2,si,0.47212743759155273
6,1,8_1,no,0.4114866256713867
6,1,8_2,no,0.4521911144256592
6,1,16_2,no,0.45711517333984375
6,2,8_1,si,1.663137435913086
6,2,8_2,si,1.9260334968566895
6,2,16_2,si,1.8693337440490723
6,2,8_1,no,1.7033541202545166
6,2,8_2,no,1.936070442199707
6,2,16_2,no,1.9015076160430908
6,3,8_1,si,3.8483200073242188
6,3,8_2,si,4.294058799743652
6,3,16_2,si,4.306595802307129
6,3,8_1,no,3.9654653072357178
6,3,8_2,no,4.289335489273071
6,3,16_2,no,4.336699962615967
6,4,8_1,si,6.821935653686523
6,4,8_2,si,7.654733896255493
6,4,16_2,si,7.644794702529907
6,4,8_1,no,6.84301233291626
6,4,8_2,no,7.617810964584351
6,4,16_2,no,7.723014831542969
7,1,8_1,si,0.4083850383758545
7,1,8_2,si,0.45232224464416504
7,1,16_2,si,0.4594564437866211
7,1,8_1,no,0.40441465377807617
7,1,8_2,no,0.4556713104248047
7,1,16_2,no,0.4594864845275879
7,2,8_1,si,1.6882987022399902
7,2,8_2,si,1.8984622955322266
7,2,16_2,si,1.8881373405456543
7,2,8_1,no,1.6744091510772705
7,2,8_2,no,1.8701746463775635
7,2,16_2,no,1.8995168209075928
7,3,8_1,si,3.802459239959717
7,3,8_2,si,4.279886484146118
7,3,16_2,si,4.309473276138306
7,3,8_1,no,3.805720329284668
7,3,8_2,no,4.267393589019775
7,3,16_2,no,4.317482233047485
7,4,8_1,si,6.815117359161377
7,4,8_2,si,7.646875381469727
7,4,16_2,si,7.739596128463745
7,4,8_1,no,6.91307258605957
7,4,8_2,no,7.638128995895386
7,4,16_2,no,7.68418288230896
8,1,8_1,si,0.40457916259765625
8,1,8_2,si,0.45262908935546875
8,1,16_2,si,0.45427727699279785
8,1,8_1,no,0.40784406661987305
8,1,8_2,no,0.48457956314086914
8,1,16_2,no,0.4593696594238281
8,2,8_1,si,1.6654269695281982
8,2,8_2,si,1.9114649295806885
8,2,16_2,si,1.9177453517913818
8,2,8_1,no,1.675715446472168
8,2,8_2,no,1.8627569675445557
8,2,16_2,no,1.8912177085876465
8,3,8_1,si,3.864631175994873
8,3,8_2,si,4.270620822906494
8,3,16_2,si,4.272039890289307
8,3,8_1,no,3.7853493690490723
8,3,8_2,no,4.254763603210449
8,3,16_2,no,4.300910949707031
8,4,8_1,si,6.733856439590454
8,4,8_2,si,7.518486738204956
8,4,16_2,si,7.5923542976379395
8,4,8_1,no,6.8887245655059814
8,4,8_2,no,7.610487699508667
8,4,16_2,no,7.702172517776489
9,1,8_1,si,0.40844297409057617
9,1,8_2,si,0.4542512893676758
9,1,16_2,si,0.458784818649292
9,1,8_1,no,0.40656352043151855
9,1,8_2,no,0.4563479423522949
9,1,16_2,no,0.46272897720336914
9,2,8_1,si,1.6518313884735107
9,2,8_2,si,1.9710519313812256
9,2,16_2,si,1.8679659366607666
9,2,8_1,no,1.6653892993927002
9,2,8_2,no,1.8681888580322266
9,2,16_2,no,1.9006385803222656
9,3,8_1,si,3.8995449542999268
9,3,8_2,si,4.378722429275513
9,3,16_2,si,4.303055286407471
9,3,8_1,no,3.82425856590271
9,3,8_2,no,4.278341054916382
9,3,16_2,no,4.324954271316528
9,4,8_1,si,6.819005727767944
9,4,8_2,si,7.576640844345093
9,4,16_2,si,7.65862774848938
9,4,8_1,no,6.834812164306641
9,4,8_2,no,7.6444411277771
9,4,16_2,no,7.701408624649048
10,1,8_1,si,0.40425825119018555
10,1,8_2,si,0.45291638374328613
10,1,16_2,si,0.45876336097717285
10,1,8_1,no,0.4052600860595703
10,1,8_2,no,0.45192813873291016
10,1,16_2,no,0.4502837657928467
10,2,8_1,si,1.6547398567199707
10,2,8_2,si,1.8625249862670898
10,2,16_2,si,1.8817875385284424
10,2,8_1,no,1.6763410568237305
10,2,8_2,no,1.890862226486206
10,2,16_2,no,1.8870439529418945
10,3,8_1,si,3.9146816730499268
10,3,8_2,si,4.352236270904541
10,3,16_2,si,4.39338231086731
10,3,8_1,no,3.818134307861328
10,3,8_2,no,4.401648998260498
10,3,16_2,no,4.328829765319824
10,4,8_1,si,6.919020414352417
10,4,8_2,si,7.581890821456909
10,4,16_2,si,7.600788593292236
10,4,8_1,no,6.767220497131348
10,4,8_2,no,7.583873987197876
10,4,16_2,no,7.671104431152344
11,1,8_1,si,0.40801167488098145
11,1,8_2,si,0.4561138153076172
11,1,16_2,si,0.45671772956848145
11,1,8_1,no,0.4086272716522217
11,1,8_2,no,0.4549083709716797
11,1,16_2,no,0.463411808013916
11,2,8_1,si,1.6944613456726074
11,2,8_2,si,1.8625903129577637
11,2,16_2,si,1.882408857345581
11,2,8_1,no,1.6888928413391113
11,2,8_2,no,1.881335973739624
11,2,16_2,no,1.88187837600708
11,3,8_1,si,3.794494867324829
11,3,8_2,si,4.254254102706909
11,3,16_2,si,4.284680604934692
11,3,8_1,no,3.7798516750335693
11,3,8_2,no,4.250999212265015
11,3,16_2,no,4.3004279136657715
11,4,8_1,si,6.937902212142944
11,4,8_2,si,7.624811887741089
11,4,16_2,si,7.6348254680633545
11,4,8_1,no,6.908116102218628
11,4,8_2,no,7.626042604446411
11,4,16_2,no,7.716084241867065
12,1,8_1,si,0.40540099143981934
12,1,8_2,si,0.4535529613494873
12,1,16_2,si,0.45717930793762207
12,1,8_1,no,0.4035768508911133
12,1,8_2,no,0.45014119148254395
12,1,16_2,no,0.4598653316497803
12,2,8_1,si,1.6560649871826172
12,2,8_2,si,1.8498218059539795
12,2,16_2,si,1.8653514385223389
12,2,8_1,no,1.6611483097076416
12,2,8_2,no,1.8516526222229004
12,2,16_2,no,1.8754911422729492
12,3,8_1,si,3.7932918071746826
12,3,8_2,si,4.312249422073364
12,3,16_2,si,4.29470682144165
12,3,8_1,no,3.8263731002807617
12,3,8_2,no,4.3402698040008545
12,3,16_2,no,4.313178777694702
12,4,8_1,si,6.773221492767334
12,4,8_2,si,7.630017280578613
12,4,16_2,si,7.597212553024292
12,4,8_1,no,6.789546251296997
12,4,8_2,no,7.5799400806427
12,4,16_2,no,7.713607311248779
13,1,8_1,si,0.40680837631225586
13,1,8_2,si,0.455277681350708
13,1,16_2,si,0.45826172828674316
13,1,8_1,no,0.4049687385559082
13,1,8_2,no,0.45369720458984375
13,1,16_2,no,0.4563281536102295
13,2,8_1,si,1.6633880138397217
13,2,8_2,si,1.8583488464355469
13,2,16_2,si,1.8732059001922607
13,2,8_1,no,1.6649894714355469
13,2,8_2,no,1.8577618598937988
13,2,16_2,no,1.889760971069336
13,3,8_1,si,3.7856760025024414
13,3,8_2,si,4.249428749084473
13,3,16_2,si,4.282493352890015
13,3,8_1,no,3.80401873588562
13,3,8_2,no,4.244378089904785
13,3,16_2,no,4.308211803436279
13,4,8_1,si,6.814256191253662
13,4,8_2,si,7.636918544769287
13,4,16_2,si,7.699529409408569
13,4,8_1,no,6.864441394805908
13,4,8_2,no,7.664560079574585
13,4,16_2,no,7.686284065246582
14,1,8_1,si,0.40713047981262207
14,1,8_2,si,0.45334291458129883
14,1,16_2,si,0.45685577392578125
14,1,8_1,no,0.40627098083496094
14,1,8_2,no,0.45651721954345703
14,1,16_2,no,0.460965633392334
14,2,8_1,si,1.668078899383545
14,2,8_2,si,1.8686752319335938
14,2,16_2,si,1.874830961227417
14,2,8_1,no,1.674818754196167
14,2,8_2,no,1.8620491027832031
14,2,16_2,no,1.8847084045410156
14,3,8_1,si,3.798053503036499
14,3,8_2,si,4.302883863449097
14,3,16_2,si,4.263749361038208
14,3,8_1,no,3.780123710632324
14,3,8_2,no,4.228217840194702
14,3,16_2,no,4.279612302780151
14,4,8_1,si,6.793680429458618
14,4,8_2,si,7.815783977508545
14,4,16_2,si,7.687770128250122
14,4,8_1,no,6.8294148445129395
14,4,8_2,no,7.626330614089966
14,4,16_2,no,7.713462591171265
15,1,8_1,si,0.40759873390197754
15,1,8_2,si,0.45597219467163086
15,1,16_2,si,0.4591546058654785
15,1,8_1,no,0.4064064025878906
15,1,8_2,no,0.455399751663208
15,1,16_2,no,0.46241021156311035
15,2,8_1,si,1.673218011856079
15,2,8_2,si,1.8818140029907227
15,2,16_2,si,1.8789551258087158
15,2,8_1,no,1.6732778549194336
15,2,8_2,no,1.8631653785705566
15,2,16_2,no,1.8893167972564697
15,3,8_1,si,3.868553638458252
15,3,8_2,si,4.278646945953369
15,3,16_2,si,4.293617486953735
15,3,8_1,no,3.827439546585083
15,3,8_2,no,4.248801231384277
15,3,16_2,no,4.31938624382019
15,4,8_1,si,6.799550294876099
15,4,8_2,si,7.601755380630493
15,4,16_2,si,7.6639885902404785
15,4,8_1,no,6.807027816772461
15,4,8_2,no,7.621428728103638
15,4,16_2,no,7.7725043296813965
16,1,8_1,si,0.4057936668395996
16,1,8_2,si,0.4553980827331543
16,1,16_2,si,0.45815062522888184
16,1,8_1,no,0.4033517837524414
16,1,8_2,no,0.45689940452575684
16,1,16_2,no,0.4602677822113037
16,2,8_1,si,1.6739435195922852
16,2,8_2,si,1.8457422256469727
16,2,16_2,si,1.8648507595062256
16,2,8_1,no,1.6602654457092285
16,2,8_2,no,1.857149600982666
16,2,16_2,no,1.8805296421051025
16,3,8_1,si,3.7796640396118164
16,3,8_2,si,4.21527624130249
16,3,16_2,si,4.270219802856445
16,3,8_1,no,3.827101945877075
16,3,8_2,no,4.253544092178345
16,3,16_2,no,4.278264284133911
16,4,8_1,si,6.810287237167358
16,4,8_2,si,7.608068466186523
16,4,16_2,si,7.668564558029175
16,4,8_1,no,6.845898389816284
16,4,8_2,no,7.567395210266113
16,4,16_2,no,7.689318656921387
17,1,8_1,si,0.40721678733825684
17,1,8_2,si,0.4538106918334961
17,1,16_2,si,0.4939553737640381
17,1,8_1,no,0.43225765228271484
17,1,8_2,no,0.46346116065979004
17,1,16_2,no,0.48187851905822754
17,2,8_1,si,1.6960947513580322
17,2,8_2,si,1.8708233833312988
17,2,16_2,si,1.875403642654419
17,2,8_1,no,1.6945652961730957
17,2,8_2,no,1.8676388263702393
17,2,16_2,no,1.8840763568878174
17,3,8_1,si,3.7849974632263184
17,3,8_2,si,4.251459121704102
17,3,16_2,si,4.2760889530181885
17,3,8_1,no,3.779951572418213
17,3,8_2,no,4.221475124359131
17,3,16_2,no,4.28776741027832
17,4,8_1,si,6.8509440422058105
17,4,8_2,si,7.821300268173218
17,4,16_2,si,7.722665309906006
17,4,8_1,no,6.844733238220215
17,4,8_2,no,7.83512806892395
17,4,16_2,no,7.743244409561157
18,1,8_1,si,0.4059274196624756
18,1,8_2,si,0.4572930335998535
18,1,16_2,si,0.4599473476409912
18,1,8_1,no,0.4049828052520752
18,1,8_2,no,0.4559755325317383
18,1,16_2,no,0.46177244186401367
18,2,8_1,si,1.678346872329712
18,2,8_2,si,1.8852057456970215
18,2,16_2,si,1.872452974319458
18,2,8_1,no,1.6796624660491943
18,2,8_2,no,1.8716778755187988
18,2,16_2,no,1.892153263092041
18,3,8_1,si,3.7777397632598877
18,3,8_2,si,4.220505952835083
18,3,16_2,si,4.2474164962768555
18,3,8_1,no,3.753278970718384
18,3,8_2,no,4.230433225631714
18,3,16_2,no,4.286007881164551
18,4,8_1,si,6.841968297958374
18,4,8_2,si,7.629702806472778
18,4,16_2,si,7.651185035705566
18,4,8_1,no,6.840249061584473
18,4,8_2,no,7.62851357460022
18,4,16_2,no,7.68757176399231
19,1,8_1,si,0.4050438404083252
19,1,8_2,si,0.4520113468170166
19,1,16_2,si,0.45565152168273926
19,1,8_1,no,0.40240478515625
19,1,8_2,no,0.45006346702575684
19,1,16_2,no,0.4562721252441406
19,2,8_1,si,1.6579668521881104
19,2,8_2,si,1.8510677814483643
19,2,16_2,si,1.868591547012329
19,2,8_1,no,1.6583292484283447
19,2,8_2,no,1.8580753803253174
19,2,16_2,no,1.8915607929229736
19,3,8_1,si,3.7851970195770264
19,3,8_2,si,4.222094774246216
19,3,16_2,si,4.259622097015381
19,3,8_1,no,3.795766592025757
19,3,8_2,no,4.237633466720581
19,3,16_2,no,4.292292356491089
19,4,8_1,si,6.778867721557617
19,4,8_2,si,7.56295919418335
19,4,16_2,si,7.617699146270752
19,4,8_1,no,6.780610799789429
19,4,8_2,no,7.7160680294036865
19,4,16_2,no,7.703851222991943
20,1,8_1,si,0.40595531463623047
20,1,8_2,si,0.45555949211120605
20,1,16_2,si,0.45707082748413086
20,1,8_1,no,0.4048006534576416
20,1,8_2,no,0.45211195945739746
20,1,16_2,no,0.4607245922088623
20,2,8_1,si,1.660297155380249
20,2,8_2,si,1.8606998920440674
20,2,16_2,si,1.880519151687622
20,2,8_1,no,1.6759319305419922
20,2,8_2,no,1.8639307022094727
20,2,16_2,no,1.8863224983215332
20,3,8_1,si,3.7589337825775146
20,3,8_2,si,4.204678297042847
20,3,16_2,si,4.254838705062866
20,3,8_1,no,3.836540460586548
20,3,8_2,no,4.391267776489258
20,3,16_2,no,4.2987706661224365
20,4,8_1,si,6.826621770858765
20,4,8_2,si,7.638402223587036
20,4,16_2,si,7.649096727371216
20,4,8_1,no,6.889203071594238
20,4,8_2,no,7.676378965377808
20,4,16_2,no,7.7018983364105225
21,1,8_1,si,0.40786242485046387
21,1,8_2,si,0.45267510414123535
21,1,16_2,si,0.4530818462371826
21,1,8_1,no,0.4070408344268799
21,1,8_2,no,0.4546349048614502
21,1,16_2,no,0.4625115394592285
21,2,8_1,si,1.6661081314086914
21,2,8_2,si,1.8677446842193604
21,2,16_2,si,1.876035213470459
21,2,8_1,no,1.6666276454925537
21,2,8_2,no,1.8702473640441895
21,2,16_2,no,1.8755896091461182
21,3,8_1,si,3.7600016593933105
21,3,8_2,si,4.216227293014526
21,3,16_2,si,4.25268030166626
21,3,8_1,no,3.7846570014953613
21,3,8_2,no,4.271678447723389
21,3,16_2,no,4.340201139450073
21,4,8_1,si,6.794971704483032
21,4,8_2,si,7.582002639770508
21,4,16_2,si,7.662595510482788
21,4,8_1,no,6.842449426651001
21,4,8_2,no,7.734596252441406
21,4,16_2,no,7.717869997024536
22,1,8_1,si,0.4094259738922119
22,1,8_2,si,0.45737600326538086
22,1,16_2,si,0.4595823287963867
22,1,8_1,no,0.40990447998046875
22,1,8_2,no,0.45859360694885254
22,1,16_2,no,0.4633808135986328
22,2,8_1,si,1.6758477687835693
22,2,8_2,si,1.868166208267212
22,2,16_2,si,1.8888418674468994
22,2,8_1,no,1.6940858364105225
22,2,8_2,no,1.8825123310089111
22,2,16_2,no,1.9664855003356934
22,3,8_1,si,3.789987325668335
22,3,8_2,si,4.251160144805908
22,3,16_2,si,4.286530494689941
22,3,8_1,no,3.7831873893737793
22,3,8_2,no,4.235460042953491
22,3,16_2,no,4.376427173614502
22,4,8_1,si,6.914011240005493
22,4,8_2,si,7.64371132850647
22,4,16_2,si,7.672013282775879
22,4,8_1,no,6.857073783874512
22,4,8_2,no,7.6203765869140625
22,4,16_2,no,7.7885894775390625
23,1,8_1,si,0.4041249752044678
23,1,8_2,si,0.4533271789550781
23,1,16_2,si,0.4555044174194336
23,1,8_1,no,0.42675304412841797
23,1,8_2,no,0.47872495651245117
23,1,16_2,no,0.46477770805358887
23,2,8_1,si,1.7458462715148926
23,2,8_2,si,1.8507351875305176
23,2,16_2,si,1.872126579284668
23,2,8_1,no,1.6622064113616943
23,2,8_2,no,1.8566057682037354
23,2,16_2,no,1.881873369216919
23,3,8_1,si,3.8293020725250244
23,3,8_2,si,4.240903615951538
23,3,16_2,si,4.251946449279785
23,3,8_1,no,3.7837541103363037
23,3,8_2,no,4.234719753265381
23,3,16_2,no,4.276302814483643
23,4,8_1,si,6.831676483154297
23,4,8_2,si,7.624541521072388
23,4,16_2,si,7.827053070068359
23,4,8_1,no,6.779196739196777
23,4,8_2,no,7.667906761169434
23,4,16_2,no,7.725520372390747
24,1,8_1,si,0.4039127826690674
24,1,8_2,si,0.45491647720336914
24,1,16_2,si,0.4571528434753418
24,1,8_1,no,0.4051802158355713
24,1,8_2,no,0.4538595676422119
24,1,16_2,no,0.45398402214050293
24,2,8_1,si,1.6671967506408691
24,2,8_2,si,1.8567471504211426
24,2,16_2,si,1.8632490634918213
24,2,8_1,no,1.6636698246002197
24,2,8_2,no,1.8604645729064941
24,2,16_2,no,1.8894569873809814
24,3,8_1,si,3.807431936264038
24,3,8_2,si,4.249105930328369
24,3,16_2,si,4.246919870376587
24,3,8_1,no,3.7709293365478516
24,3,8_2,no,4.27165961265564
24,3,16_2,no,4.277378082275391
24,4,8_1,si,6.866970539093018
24,4,8_2,si,7.555043697357178
24,4,16_2,si,7.579915523529053
24,4,8_1,no,6.77035927772522
24,4,8_2,no,7.577576398849487
24,4,16_2,no,7.767885208129883
25,1,8_1,si,0.40596699714660645
25,1,8_2,si,0.45025181770324707
25,1,16_2,si,0.4554474353790283
25,1,8_1,no,0.40396714210510254
25,1,8_2,no,0.4504666328430176
25,1,16_2,no,0.4563889503479004
25,2,8_1,si,1.646766185760498
25,2,8_2,si,1.867737054824829
25,2,16_2,si,1.886817216873169
25,2,8_1,no,1.669405221939087
25,2,8_2,no,1.8593366146087646
25,2,16_2,no,1.8769445419311523
25,3,8_1,si,3.793764114379883
25,3,8_2,si,4.206782579421997
25,3,16_2,si,4.23194694519043
25,3,8_1,no,3.748328924179077
25,3,8_2,no,4.258004426956177
25,3,16_2,no,4.372168302536011
25,4,8_1,si,6.784414291381836
25,4,8_2,si,7.574875354766846
25,4,16_2,si,7.616278171539307
25,4,8_1,no,6.831884384155273
25,4,8_2,no,7.627580642700195
25,4,16_2,no,7.6775102615356445
26,1,8_1,si,0.40512609481811523
26,1,8_2,si,0.45574188232421875
26,1,16_2,si,0.4568300247192383
26,1,8_1,no,0.40633678436279297
26,1,8_2,no,0.4551045894622803
26,1,16_2,no,0.45971083641052246
26,2,8_1,si,1.6631486415863037
26,2,8_2,si,1.8657333850860596
26,2,16_2,si,1.8767340183258057
26,2,8_1,no,1.6672511100769043
26,2,8_2,no,1.8639557361602783
26,2,16_2,no,1.8936991691589355
26,3,8_1,si,3.8292014598846436
26,3,8_2,si,4.2659571170806885
26,3,16_2,si,4.2828991413116455
26,3,8_1,no,3.814790964126587
26,3,8_2,no,4.246939659118652
26,3,16_2,no,4.272164344787598
26,4,8_1,si,6.785195350646973
26,4,8_2,si,7.616898775100708
26,4,16_2,si,7.690660238265991
26,4,8_1,no,6.84616231918335
26,4,8_2,no,7.60032844543457
26,4,16_2,no,7.730359792709351
27,1,8_1,si,0.40646886825561523
27,1,8_2,si,0.45411038398742676
27,1,16_2,si,0.45503711700439453
27,1,8_1,no,0.4027903079986572
27,1,8_2,no,0.45134806632995605
27,1,16_2,no,0.45850181579589844
27,2,8_1,si,1.6707558631896973
27,2,8_2,si,1.8708927631378174
27,2,16_2,si,1.8796577453613281
27,2,8_1,no,1.6766128540039062
27,2,8_2,no,1.8870458602905273
27,2,16_2,no,1.885965347290039
27,3,8_1,si,3.762399196624756
27,3,8_2,si,4.267229080200195
27,3,16_2,si,4.246967554092407
27,3,8_1,no,3.7691233158111572
27,3,8_2,no,4.234187364578247
27,3,16_2,no,4.255539655685425
27,4,8_1,si,6.813355207443237
27,4,8_2,si,7.640722990036011
27,4,16_2,si,7.655158042907715
27,4,8_1,no,6.802368879318237
27,4,8_2,no,7.6559531688690186
27,4,16_2,no,7.660057306289673
28,1,8_1,si,0.40557265281677246
28,1,8_2,si,0.45403075218200684
28,1,16_2,si,0.4579141139984131
28,1,8_1,no,0.40657615661621094
28,1,8_2,no,0.45482301712036133
28,1,16_2,no,0.46188807487487793
28,2,8_1,si,1.6622958183288574
28,2,8_2,si,1.8622326850891113
28,2,16_2,si,1.8768138885498047
28,2,8_1,no,1.6731138229370117
28,2,8_2,no,1.8654980659484863
28,2,16_2,no,1.8900954723358154
28,3,8_1,si,3.7639122009277344
28,3,8_2,si,4.217825174331665
28,3,16_2,si,4.312922954559326
28,3,8_1,no,3.804321765899658
28,3,8_2,no,4.28271484375
28,3,16_2,no,4.29237699508667
28,4,8_1,si,6.8085713386535645
28,4,8_2,si,7.606754541397095
28,4,16_2,si,7.670238733291626
28,4,8_1,no,6.7808520793914795
28,4,8_2,no,7.574634790420532
28,4,16_2,no,7.6528639793396
29,1,8_1,si,0.4058356285095215
29,1,8_2,si,0.45164060592651367
29,1,16_2,si,0.4556427001953125
29,1,8_1,no,0.40503835678100586
29,1,8_2,no,0.4537241458892822
29,1,16_2,no,0.4613957405090332
29,2,8_1,si,1.6697790622711182
29,2,8_2,si,1.873854160308838
29,2,16_2,si,1.8589389324188232
29,2,8_1,no,1.657729148864746
29,2,8_2,no,1.847602128982544
29,2,16_2,no,1.8700029850006104
29,3,8_1,si,3.7916765213012695
29,3,8_2,si,4.248349905014038
29,3,16_2,si,4.308270454406738
29,3,8_1,no,3.8030591011047363
29,3,8_2,no,4.265927791595459
29,3,16_2,no,4.323188066482544
29,4,8_1,si,6.800485134124756
29,4,8_2,si,7.583777904510498
29,4,16_2,si,7.653097867965698
29,4,8_1,no,6.83234429359436
29,4,8_2,no,7.712907552719116
29,4,16_2,no,7.724505424499512
30,1,8_1,si,0.40131425857543945
30,1,8_2,si,0.4525918960571289
30,1,16_2,si,0.45538759231567383
30,1,8_1,no,0.4049222469329834
30,1,8_2,no,0.4566154479980469
30,1,16_2,no,0.4579622745513916
30,2,8_1,si,1.698854923248291
30,2,8_2,si,1.9149513244628906
30,2,16_2,si,1.9283881187438965
30,2,8_1,no,1.7305312156677246
30,2,8_2,no,1.8837242126464844
30,2,16_2,no,1.878356695175171
30,3,8_1,si,3.7994167804718018
30,3,8_2,si,4.257155895233154
30,3,16_2,si,4.265052556991577
30,3,8_1,no,3.84548020362854
30,3,8_2,no,4.282716989517212
30,3,16_2,no,4.34212589263916
30,4,8_1,si,6.884897470474243
30,4,8_2,si,7.621259450912476
30,4,16_2,si,7.639302015304565
30,4,8_1,no,6.843479871749878
30,4,8_2,no,7.601697683334351
30,4,16_2,no,7.659914255142212
31,1,8_1,si,0.40308690071105957
31,1,8_2,si,0.4538917541503906
31,1,16_2,si,0.45720863342285156
31,1,8_1,no,0.4039139747619629
31,1,8_2,no,0.45406389236450195
31,1,16_2,no,0.46155595779418945
31,2,8_1,si,1.6637780666351318
31,2,8_2,si,1.8555097579956055
31,2,16_2,si,1.8677527904510498
31,2,8_1,no,1.6679508686065674
31,2,8_2,no,1.8518846035003662
31,2,16_2,no,1.8971352577209473
31,3,8_1,si,3.8444457054138184
31,3,8_2,si,4.2745680809021
31,3,16_2,si,4.283613920211792
31,3,8_1,no,3.7866554260253906
31,3,8_2,no,4.298703670501709
31,3,16_2,no,4.290822505950928
31,4,8_1,si,6.7849671840667725
31,4,8_2,si,7.600222826004028
31,4,16_2,si,7.618419408798218
31,4,8_1,no,6.832536935806274
31,4,8_2,no,7.61618447303772
31,4,16_2,no,7.680316686630249
32,1,8_1,si,0.3973119258880615
32,1,8_2,si,0.45096468925476074
32,1,16_2,si,0.46387219429016113
32,1,8_1,no,0.4135093688964844
32,1,8_2,no,0.461702823638916
32,1,16_2,no,0.47800350189208984
32,2,8_1,si,1.6635971069335938
32,2,8_2,si,1.8737704753875732
32,2,16_2,si,1.8787779808044434
32,2,8_1,no,1.6717352867126465
32,2,8_2,no,1.863262414932251
32,2,16_2,no,1.9021553993225098
32,3,8_1,si,3.792860984802246
32,3,8_2,si,4.262917518615723
32,3,16_2,si,4.281241416931152
32,3,8_1,no,3.817890167236328
32,3,8_2,no,4.2730114459991455
32,3,16_2,no,4.316043138504028
32,4,8_1,si,6.805195331573486
32,4,8_2,si,7.6056602001190186
32,4,16_2,si,7.739348649978638
32,4,8_1,no,6.865302562713623
32,4,8_2,no,7.61886191368103
32,4,16_2,no,7.7217488288879395
33,1,8_1,si,0.40524935722351074
33,1,8_2,si,0.456453800201416
33,1,16_2,si,0.460585355758667
33,1,8_1,no,0.4094393253326416
33,1,8_2,no,0.4549107551574707
33,1,16_2,no,0.4606208801269531
33,2,8_1,si,1.6787123680114746
33,2,8_2,si,1.8907785415649414
33,2,16_2,si,1.8775677680969238
33,2,8_1,no,1.6787374019622803
33,2,8_2,no,1.8819706439971924
33,2,16_2,no,1.8904411792755127
33,3,8_1,si,3.787917137145996
33,3,8_2,si,4.263667106628418
33,3,16_2,si,4.295814752578735
33,3,8_1,no,3.8139636516571045
33,3,8_2,no,4.266588449478149
33,3,16_2,no,4.29045295715332
33,4,8_1,si,6.83867073059082
33,4,8_2,si,7.615184545516968
33,4,16_2,si,7.6148364543914795
33,4,8_1,no,6.812024354934692
33,4,8_2,no,7.6181628704071045
33,4,16_2,no,7.683870792388916
34,1,8_1,si,0.40506792068481445
34,1,8_2,si,0.4560272693634033
34,1,16_2,si,0.4564998149871826
34,1,8_1,no,0.4058496952056885
34,1,8_2,no,0.45498085021972656
34,1,16_2,no,0.46236562728881836
34,2,8_1,si,1.682002305984497
34,2,8_2,si,1.8757929801940918
34,2,16_2,si,1.9384400844573975
34,2,8_1,no,1.6995103359222412
34,2,8_2,no,1.874349594116211
34,2,16_2,no,1.9063115119934082
34,3,8_1,si,3.8079612255096436
34,3,8_2,si,4.267347574234009
34,3,16_2,si,4.3496527671813965
34,3,8_1,no,3.8344202041625977
34,3,8_2,no,4.256271839141846
34,3,16_2,no,4.29841947555542
34,4,8_1,si,6.8184685707092285
34,4,8_2,si,7.680676698684692
34,4,16_2,si,7.65159273147583
34,4,8_1,no,6.822617053985596
34,4,8_2,no,7.6776368618011475
34,4,16_2,no,7.77305793762207
35,1,8_1,si,0.40552806854248047
35,1,8_2,si,0.4546365737915039
35,1,16_2,si,0.4593241214752197
35,1,8_1,no,0.40525150299072266
35,1,8_2,no,0.4556610584259033
35,1,16_2,no,0.46008872985839844
35,2,8_1,si,1.6799566745758057
35,2,8_2,si,1.8712177276611328
35,2,16_2,si,1.895226240158081
35,2,8_1,no,1.6822292804718018
35,2,8_2,no,1.8781204223632812
35,2,16_2,no,1.898716688156128
35,3,8_1,si,3.8089001178741455
35,3,8_2,si,4.358286142349243
35,3,16_2,si,4.456054925918579
35,3,8_1,no,3.778330087661743
35,3,8_2,no,4.2497804164886475
35,3,16_2,no,4.264620304107666
35,4,8_1,si,6.870840549468994
35,4,8_2,si,7.582734107971191
35,4,16_2,si,7.610036373138428
35,4,8_1,no,6.761541366577148
35,4,8_2,no,7.5648887157440186
35,4,16_2,no,7.676314115524292
36,1,8_1,si,0.4045252799987793
36,1,8_2,si,0.4523191452026367
36,1,16_2,si,0.4661827087402344
36,1,8_1,no,0.4179861545562744
36,1,8_2,no,0.4703867435455322
36,1,16_2,no,0.46601057052612305
36,2,8_1,si,1.6781182289123535
36,2,8_2,si,1.8674390316009521
36,2,16_2,si,1.8732521533966064
36,2,8_1,no,1.6758687496185303
36,2,8_2,no,1.8697245121002197
36,2,16_2,no,1.8872766494750977
36,3,8_1,si,3.814927339553833
36,3,8_2,si,4.258071184158325
36,3,16_2,si,4.308350324630737
36,3,8_1,no,3.86453914642334
36,3,8_2,no,4.33795428276062
36,3,16_2,no,4.394975185394287
36,4,8_1,si,6.812513828277588
36,4,8_2,si,7.590578317642212
36,4,16_2,si,7.632861375808716
36,4,8_1,no,6.876315355300903
36,4,8_2,no,7.689466953277588
36,4,16_2,no,7.758076429367065
37,1,8_1,si,0.40405988693237305
37,1,8_2,si,0.45128417015075684
37,1,16_2,si,0.45536112785339355
37,1,8_1,no,0.41017723083496094
37,1,8_2,no,0.4521512985229492
37,1,16_2,no,0.4600410461425781
37,2,8_1,si,1.6764757633209229
37,2,8_2,si,1.8729498386383057
37,2,16_2,si,1.8935871124267578
37,2,8_1,no,1.6991260051727295
37,2,8_2,no,1.918045997619629
37,2,16_2,no,1.9406511783599854
37,3,8_1,si,3.8185486793518066
37,3,8_2,si,4.313588619232178
37,3,16_2,si,4.362154006958008
37,3,8_1,no,3.862722635269165
37,3,8_2,no,4.287475109100342
37,3,16_2,no,4.278717279434204
37,4,8_1,si,6.747497320175171
37,4,8_2,si,7.591446876525879
37,4,16_2,si,7.661182165145874
37,4,8_1,no,6.837971448898315
37,4,8_2,no,7.705508470535278
37,4,16_2,no,7.690969944000244
38,1,8_1,si,0.39737582206726074
38,1,8_2,si,0.45084667205810547
38,1,16_2,si,0.45272111892700195
38,1,8_1,no,0.4015007019042969
38,1,8_2,no,0.4533040523529053
38,1,16_2,no,0.4593160152435303
38,2,8_1,si,1.6677782535552979
38,2,8_2,si,1.8600761890411377
38,2,16_2,si,1.8745365142822266
38,2,8_1,no,1.6853759288787842
38,2,8_2,no,1.8842418193817139
38,2,16_2,no,1.9155406951904297
38,3,8_1,si,3.8114638328552246
38,3,8_2,si,4.27705192565918
38,3,16_2,si,4.318499326705933
38,3,8_1,no,3.8204455375671387
38,3,8_2,no,4.294008493423462
38,3,16_2,no,4.341039180755615
38,4,8_1,si,6.80328369140625
38,4,8_2,si,7.614789247512817
38,4,16_2,si,7.624791145324707
38,4,8_1,no,6.798070907592773
38,4,8_2,no,7.746908187866211
38,4,16_2,no,7.940214395523071
39,1,8_1,si,0.41390228271484375
39,1,8_2,si,0.4648442268371582
39,1,16_2,si,0.47344446182250977
39,1,8_1,no,0.4100503921508789
39,1,8_2,no,0.466397762298584
39,1,16_2,no,0.46910953521728516
39,2,8_1,si,1.6757164001464844
39,2,8_2,si,1.8788113594055176
39,2,16_2,si,1.8868958950042725
39,2,8_1,no,1.674973726272583
39,2,8_2,no,1.865344762802124
39,2,16_2,no,1.893141746520996
39,3,8_1,si,3.7853169441223145
39,3,8_2,si,4.254972219467163
39,3,16_2,si,4.313156366348267
39,3,8_1,no,3.7925844192504883
39,3,8_2,no,4.23612904548645
39,3,16_2,no,4.278118133544922
39,4,8_1,si,6.831089973449707
39,4,8_2,si,7.773699045181274
39,4,16_2,si,7.645067453384399
39,4,8_1,no,6.894926071166992
39,4,8_2,no,7.721595764160156
39,4,16_2,no,7.746320724487305
40,1,8_1,si,0.4155433177947998
40,1,8_2,si,0.4618713855743408
40,1,16_2,si,0.47481727600097656
40,1,8_1,no,0.41883230209350586
40,1,8_2,no,0.46643710136413574
40,1,16_2,no,0.46034955978393555
40,2,8_1,si,1.6903033256530762
40,2,8_2,si,1.8921420574188232
40,2,16_2,si,1.9049465656280518
40,2,8_1,no,1.669907808303833
40,2,8_2,no,1.8690578937530518
40,2,16_2,no,1.9049837589263916
40,3,8_1,si,3.9147467613220215
40,3,8_2,si,4.29172682762146
40,3,16_2,si,4.3653130531311035
40,3,8_1,no,3.8875997066497803
40,3,8_2,no,4.26539421081543
40,3,16_2,no,4.333270311355591
40,4,8_1,si,6.869505882263184
40,4,8_2,si,7.691493511199951
40,4,16_2,si,7.672604322433472
40,4,8_1,no,6.8337671756744385
40,4,8_2,no,7.553102016448975
40,4,16_2,no,7.799670219421387
41,1,8_1,si,0.4132380485534668
41,1,8_2,si,0.4613168239593506
41,1,16_2,si,0.47323131561279297
41,1,8_1,no,0.4121122360229492
41,1,8_2,no,0.45488572120666504
41,1,16_2,no,0.4629485607147217
41,2,8_1,si,1.6741995811462402
41,2,8_2,si,1.8713021278381348
41,2,16_2,si,1.8673150539398193
41,2,8_1,no,1.7093117237091064
41,2,8_2,no,1.9200482368469238
41,2,16_2,no,1.9290521144866943
41,3,8_1,si,3.760890007019043
41,3,8_2,si,4.244048595428467
41,3,16_2,si,4.269909858703613
41,3,8_1,no,3.799208164215088
41,3,8_2,no,4.23682975769043
41,3,16_2,no,4.346041917800903
41,4,8_1,si,6.96603798866272
41,4,8_2,si,7.682276010513306
41,4,16_2,si,7.626838207244873
41,4,8_1,no,6.773725271224976
41,4,8_2,no,7.571047067642212
41,4,16_2,no,7.698760032653809
42,1,8_1,si,0.4052729606628418
42,1,8_2,si,0.4549832344055176
42,1,16_2,si,0.45806074142456055
42,1,8_1,no,0.40530991554260254
42,1,8_2,no,0.45343708992004395
42,1,16_2,no,0.45800113677978516
42,2,8_1,si,1.7016687393188477
42,2,8_2,si,1.8741803169250488
42,2,16_2,si,1.8890573978424072
42,2,8_1,no,1.6956207752227783
42,2,8_2,no,1.866424322128296
42,2,16_2,no,1.9051828384399414
42,3,8_1,si,3.789294958114624
42,3,8_2,si,4.298908233642578
42,3,16_2,si,4.394131183624268
42,3,8_1,no,3.82558536529541
42,3,8_2,no,4.280490875244141
42,3,16_2,no,4.327484369277954
42,4,8_1,si,6.786048412322998
42,4,8_2,si,7.608516454696655
42,4,16_2,si,7.6416215896606445
42,4,8_1,no,6.812788963317871
42,4,8_2,no,7.606782913208008
42,4,16_2,no,7.686781883239746
43,1,8_1,si,0.4046051502227783
43,1,8_2,si,0.4527435302734375
43,1,16_2,si,0.4560692310333252
43,1,8_1,no,0.40258359909057617
43,1,8_2,no,0.45247650146484375
43,1,16_2,no,0.45873332023620605
43,2,8_1,si,1.6667940616607666
43,2,8_2,si,1.8736906051635742
43,2,16_2,si,1.8822283744812012
43,2,8_1,no,1.676260232925415
43,2,8_2,no,1.869105339050293
43,2,16_2,no,1.8911707401275635
43,3,8_1,si,3.791978120803833
43,3,8_2,si,4.249976634979248
43,3,16_2,si,4.293220043182373
43,3,8_1,no,3.8157243728637695
43,3,8_2,no,4.247448682785034
43,3,16_2,no,4.318308591842651
43,4,8_1,si,6.887017488479614
43,4,8_2,si,7.709105730056763
43,4,16_2,si,7.706632137298584
43,4,8_1,no,6.887101411819458
43,4,8_2,no,7.727707624435425
43,4,16_2,no,7.77498722076416
44,1,8_1,si,0.40188169479370117
44,1,8_2,si,0.45021677017211914
44,1,16_2,si,0.45636653900146484
44,1,8_1,no,0.4044802188873291
44,1,8_2,no,0.45164036750793457
44,1,16_2,no,0.4595921039581299
44,2,8_1,si,1.6597273349761963
44,2,8_2,si,1.8640761375427246
44,2,16_2,si,1.8746390342712402
44,2,8_1,no,1.6657624244689941
44,2,8_2,no,1.8657348155975342
44,2,16_2,no,1.9418511390686035
44,3,8_1,si,3.8277761936187744
44,3,8_2,si,4.301987409591675
44,3,16_2,si,4.277416467666626
44,3,8_1,no,3.7987284660339355
44,3,8_2,no,4.274728298187256
44,3,16_2,no,4.284411430358887
44,4,8_1,si,6.879142761230469
44,4,8_2,si,7.61377215385437
44,4,16_2,si,7.619433879852295
44,4,8_1,no,6.8201823234558105
44,4,8_2,no,7.614124298095703
44,4,16_2,no,7.736377000808716
45,1,8_1,si,0.4225196838378906
45,1,8_2,si,0.4642064571380615
45,1,16_2,si,0.45815205574035645
45,1,8_1,no,0.4093334674835205
45,1,8_2,no,0.45552802085876465
45,1,16_2,no,0.4712848663330078
45,2,8_1,si,1.6683359146118164
45,2,8_2,si,1.8780970573425293
45,2,16_2,si,1.8807244300842285
45,2,8_1,no,1.6759495735168457
45,2,8_2,no,1.876079797744751
45,2,16_2,no,1.9057965278625488
45,3,8_1,si,3.7863810062408447
45,3,8_2,si,4.26160454750061
45,3,16_2,si,4.383444309234619
45,3,8_1,no,3.872713088989258
45,3,8_2,no,4.280080318450928
45,3,16_2,no,4.392126083374023
45,4,8_1,si,6.877101421356201
45,4,8_2,si,7.732049226760864
45,4,16_2,si,7.758686304092407
45,4,8_1,no,6.954888820648193
45,4,8_2,no,7.6789915561676025
45,4,16_2,no,7.777128458023071
46,1,8_1,si,0.40988802909851074
46,1,8_2,si,0.4532961845397949
46,1,16_2,si,0.4553365707397461
46,1,8_1,no,0.40650177001953125
46,1,8_2,no,0.4555201530456543
46,1,16_2,no,0.4565298557281494
46,2,8_1,si,1.6720714569091797
46,2,8_2,si,1.8696815967559814
46,2,16_2,si,1.8802525997161865
46,2,8_1,no,1.680086374282837
46,2,8_2,no,1.9054086208343506
46,2,16_2,no,1.9281866550445557
46,3,8_1,si,3.840282678604126
46,3,8_2,si,4.252435684204102
46,3,16_2,si,4.297311544418335
46,3,8_1,no,3.8466145992279053
46,3,8_2,no,4.335354804992676
46,3,16_2,no,4.3202714920043945
46,4,8_1,si,6.835269451141357
46,4,8_2,si,7.6746666431427
46,4,16_2,si,7.629436254501343
46,4,8_1,no,6.837679386138916
46,4,8_2,no,7.647577285766602
46,4,16_2,no,7.769233226776123
47,1,8_1,si,0.40353822708129883
47,1,8_2,si,0.45653271675109863
47,1,16_2,si,0.46123504638671875
47,1,8_1,no,0.4077417850494385
47,1,8_2,no,0.4600231647491455
47,1,16_2,no,0.4658079147338867
47,2,8_1,si,1.6683650016784668
47,2,8_2,si,1.8685696125030518
47,2,16_2,si,1.8835361003875732
47,2,8_1,no,1.695155143737793
47,2,8_2,no,1.9027953147888184
47,2,16_2,no,1.9274938106536865
47,3,8_1,si,3.80983567237854
47,3,8_2,si,4.2419984340667725
47,3,16_2,si,4.258853435516357
47,3,8_1,no,3.78454327583313
47,3,8_2,no,4.242677211761475
47,3,16_2,no,4.378983736038208
47,4,8_1,si,6.82875394821167
47,4,8_2,si,7.7262115478515625
47,4,16_2,si,7.672044277191162
47,4,8_1,no,6.8716161251068115
47,4,8_2,no,7.796785593032837
47,4,16_2,no,7.873698949813843
48,1,8_1,si,0.3991098403930664
48,1,8_2,si,0.44858646392822266
48,1,16_2,si,0.4543886184692383
48,1,8_1,no,0.40394115447998047
48,1,8_2,no,0.45273804664611816
48,1,16_2,no,0.45968174934387207
48,2,8_1,si,1.6570427417755127
48,2,8_2,si,1.8859670162200928
48,2,16_2,si,1.8923125267028809
48,2,8_1,no,1.6823616027832031
48,2,8_2,no,1.864093542098999
48,2,16_2,no,1.8871119022369385
48,3,8_1,si,3.8269922733306885
48,3,8_2,si,4.288587331771851
48,3,16_2,si,4.339935302734375
48,3,8_1,no,3.799436569213867
48,3,8_2,no,4.239919185638428
48,3,16_2,no,4.383537530899048
48,4,8_1,si,6.831465005874634
48,4,8_2,si,7.683536529541016
48,4,16_2,si,7.6895551681518555
48,4,8_1,no,6.860429286956787
48,4,8_2,no,7.614534854888916
48,4,16_2,no,7.648169279098511
49,1,8_1,si,0.4024503231048584
49,1,8_2,si,0.45266246795654297
49,1,16_2,si,0.4571671485900879
49,1,8_1,no,0.40447425842285156
49,1,8_2,no,0.45917701721191406
49,1,16_2,no,0.461184024810791
49,2,8_1,si,1.6829304695129395
49,2,8_2,si,1.8790342807769775
49,2,16_2,si,1.8940348625183105
49,2,8_1,no,1.696535587310791
49,2,8_2,no,1.8875372409820557
49,2,16_2,no,1.8945105075836182
49,3,8_1,si,3.787158250808716
49,3,8_2,si,4.245986461639404
49,3,16_2,si,4.268542051315308
49,3,8_1,no,3.756208896636963
49,3,8_2,no,4.233332872390747
49,3,16_2,no,4.291013717651367
49,4,8_1,si,6.808008909225464
49,4,8_2,si,7.61633563041687
49,4,16_2,si,7.6830363273620605
49,4,8_1,no,6.843246221542358
49,4,8_2,no,7.624892711639404
49,4,16_2,no,7.693272352218628
50,1,8_1,si,0.3987884521484375
50,1,8_2,si,0.45047974586486816
50,1,16_2,si,0.4548640251159668
50,1,8_1,no,0.4006333351135254
50,1,8_2,no,0.4544258117675781
50,1,16_2,no,0.4611818790435791
50,2,8_1,si,1.6967625617980957
50,2,8_2,si,1.9095244407653809
50,2,16_2,si,1.9013023376464844
50,2,8_1,no,1.6772880554199219
50,2,8_2,no,1.875497817993164
50,2,16_2,no,1.905850887298584
50,3,8_1,si,3.830822467803955
50,3,8_2,si,4.310758829116821
50,3,16_2,si,4.366917133331299
50,3,8_1,no,3.935641050338745
50,3,8_2,no,4.39863395690918
50,3,16_2,no,4.333500623703003
50,4,8_1,si,6.840528249740601
50,4,8_2,si,7.698242902755737
50,4,16_2,si,7.738807439804077
50,4,8_1,no,6.881606817245483
50,4,8_2,no,7.732208013534546
50,4,16_2,no,7.747063636779785
51,1,8_1,si,0.4062626361846924
51,1,8_2,si,0.452517032623291
51,1,16_2,si,0.45827579498291016
51,1,8_1,no,0.4060854911804199
51,1,8_2,no,0.4545717239379883
51,1,16_2,no,0.45980405807495117
51,2,8_1,si,1.6771233081817627
51,2,8_2,si,1.8652527332305908
51,2,16_2,si,1.8803589344024658
51,2,8_1,no,1.6684916019439697
51,2,8_2,no,1.8676772117614746
51,2,16_2,no,1.8866350650787354
51,3,8_1,si,3.7905960083007812
51,3,8_2,si,4.298875093460083
51,3,16_2,si,4.316371202468872
51,3,8_1,no,3.770494222640991
51,3,8_2,no,4.242054462432861
51,3,16_2,no,4.268198013305664
51,4,8_1,si,6.797199487686157
51,4,8_2,si,7.787351846694946
51,4,16_2,si,7.678302049636841
51,4,8_1,no,6.930464744567871
51,4,8_2,no,7.654407262802124
51,4,16_2,no,7.711770534515381
52,1,8_1,si,0.4077773094177246
52,1,8_2,si,0.45937156677246094
52,1,16_2,si,0.45981931686401367
52,1,8_1,no,0.40939927101135254
52,1,8_2,no,0.455028772354126
52,1,16_2,no,0.4624307155609131
52,2,8_1,si,1.6690318584442139
52,2,8_2,si,1.869112491607666
52,2,16_2,si,1.883143663406372
52,2,8_1,no,1.6788668632507324
52,2,8_2,no,1.8761062622070312
52,2,16_2,no,1.8943250179290771
52,3,8_1,si,3.8769209384918213
52,3,8_2,si,4.349180459976196
52,3,16_2,si,4.37724757194519
52,3,8_1,no,3.876225233078003
52,3,8_2,no,4.334435939788818
52,3,16_2,no,4.372348070144653
52,4,8_1,si,6.898468494415283
52,4,8_2,si,7.722412109375
52,4,16_2,si,7.688619613647461
52,4,8_1,no,6.939697265625
52,4,8_2,no,7.769040107727051
52,4,16_2,no,7.722837924957275
53,1,8_1,si,0.4104156494140625
53,1,8_2,si,0.4615590572357178
53,1,16_2,si,0.4627869129180908
53,1,8_1,no,0.4083259105682373
53,1,8_2,no,0.46173810958862305
53,1,16_2,no,0.46688246726989746
53,2,8_1,si,1.6905796527862549
53,2,8_2,si,1.9007234573364258
53,2,16_2,si,1.914158582687378
53,2,8_1,no,1.6748981475830078
53,2,8_2,no,1.8718645572662354
53,2,16_2,no,1.8986537456512451
53,3,8_1,si,3.8576321601867676
53,3,8_2,si,4.3259665966033936
53,3,16_2,si,4.318608522415161
53,3,8_1,no,3.747081756591797
53,3,8_2,no,4.214524269104004
53,3,16_2,no,4.2793474197387695
53,4,8_1,si,6.7543556690216064
53,4,8_2,si,7.671086072921753
53,4,16_2,si,7.654096841812134
53,4,8_1,no,6.8813512325286865
53,4,8_2,no,7.629351854324341
53,4,16_2,no,7.702512741088867
54,1,8_1,si,0.40541934967041016
54,1,8_2,si,0.45510244369506836
54,1,16_2,si,0.45737242698669434
54,1,8_1,no,0.4078409671783447
54,1,8_2,no,0.4570193290710449
54,1,16_2,no,0.4642038345336914
54,2,8_1,si,1.703531265258789
54,2,8_2,si,1.9019129276275635
54,2,16_2,si,1.915637493133545
54,2,8_1,no,1.702291488647461
54,2,8_2,no,1.9110453128814697
54,2,16_2,no,1.9474093914031982
54,3,8_1,si,3.900876522064209
54,3,8_2,si,4.235177755355835
54,3,16_2,si,4.266852140426636
54,3,8_1,no,3.8205034732818604
54,3,8_2,no,4.286245584487915
54,3,16_2,no,4.343538761138916
54,4,8_1,si,6.79367208480835
54,4,8_2,si,7.61443567276001
54,4,16_2,si,7.626875638961792
54,4,8_1,no,6.839760780334473
54,4,8_2,no,7.636639595031738
54,4,16_2,no,7.735626697540283
55,1,8_1,si,0.4070250988006592
55,1,8_2,si,0.45607900619506836
55,1,16_2,si,0.4562838077545166
55,1,8_1,no,0.40331172943115234
55,1,8_2,no,0.451688289642334
55,1,16_2,no,0.4593489170074463
55,2,8_1,si,1.6847448348999023
55,2,8_2,si,1.861579418182373
55,2,16_2,si,1.8831994533538818
55,2,8_1,no,1.674886703491211
55,2,8_2,no,1.8733117580413818
55,2,16_2,no,1.8986878395080566
55,3,8_1,si,3.758068561553955
55,3,8_2,si,4.211482048034668
55,3,16_2,si,4.232137203216553
55,3,8_1,no,3.785707712173462
55,3,8_2,no,4.278260946273804
55,3,16_2,no,4.3474647998809814
55,4,8_1,si,6.956274509429932
55,4,8_2,si,7.740696668624878
55,4,16_2,si,7.7454235553741455
55,4,8_1,no,6.91324257850647
55,4,8_2,no,7.7790656089782715
55,4,16_2,no,7.788927793502808
56,1,8_1,si,0.40532922744750977
56,1,8_2,si,0.4520876407623291
56,1,16_2,si,0.4550011157989502
56,1,8_1,no,0.4066317081451416
56,1,8_2,no,0.45492005348205566
56,1,16_2,no,0.4632987976074219
56,2,8_1,si,1.662790298461914
56,2,8_2,si,1.8646435737609863
56,2,16_2,si,1.8862926959991455
56,2,8_1,no,1.6790482997894287
56,2,8_2,no,1.871901273727417
56,2,16_2,no,1.8872020244598389
56,3,8_1,si,3.7940051555633545
56,3,8_2,si,4.22803807258606
56,3,16_2,si,4.2920427322387695
56,3,8_1,no,3.8221027851104736
56,3,8_2,no,4.282307863235474
56,3,16_2,no,4.317188262939453
56,4,8_1,si,6.820518255233765
56,4,8_2,si,7.619290828704834
56,4,16_2,si,7.643576145172119
56,4,8_1,no,6.877106666564941
56,4,8_2,no,7.646848917007446
56,4,16_2,no,7.720795392990112
57,1,8_1,si,0.4043872356414795
57,1,8_2,si,0.4554562568664551
57,1,16_2,si,0.45822882652282715
57,1,8_1,no,0.40498924255371094
57,1,8_2,no,0.4554753303527832
57,1,16_2,no,0.4628922939300537
57,2,8_1,si,1.6684858798980713
57,2,8_2,si,1.8674840927124023
57,2,16_2,si,1.88761305809021
57,2,8_1,no,1.6831386089324951
57,2,8_2,no,1.906299114227295
57,2,16_2,no,1.915755033493042
57,3,8_1,si,3.8421032428741455
57,3,8_2,si,4.286409854888916
57,3,16_2,si,4.384704828262329
57,3,8_1,no,3.874079465866089
57,3,8_2,no,4.319343566894531
57,3,16_2,no,4.409822702407837
57,4,8_1,si,6.943182706832886
57,4,8_2,si,7.809302091598511
57,4,16_2,si,7.772659778594971
57,4,8_1,no,6.98238205909729
57,4,8_2,no,7.894534587860107
57,4,16_2,no,7.935157537460327
58,1,8_1,si,0.4127683639526367
58,1,8_2,si,0.46607542037963867
58,1,16_2,si,0.4646470546722412
58,1,8_1,no,0.41510605812072754
58,1,8_2,no,0.464580774307251
58,1,16_2,no,0.47324705123901367
58,2,8_1,si,1.7289443016052246
58,2,8_2,si,1.937380075454712
58,2,16_2,si,1.9312081336975098
58,2,8_1,no,1.7183585166931152
58,2,8_2,no,1.9061405658721924
58,2,16_2,no,1.9531142711639404
58,3,8_1,si,3.8840596675872803
58,3,8_2,si,4.35969614982605
58,3,16_2,si,4.413540840148926
58,3,8_1,no,3.9069249629974365
58,3,8_2,no,4.389525890350342
58,3,16_2,no,4.441692352294922
58,4,8_1,si,6.99455189704895
58,4,8_2,si,7.8537092208862305
58,4,16_2,si,7.840753078460693
58,4,8_1,no,7.02558159828186
58,4,8_2,no,7.829706907272339
58,4,16_2,no,7.914983749389648
59,1,8_1,si,0.4169602394104004
59,1,8_2,si,0.46597790718078613
59,1,16_2,si,0.4696669578552246
59,1,8_1,no,0.4149448871612549
59,1,8_2,no,0.4692356586456299
59,1,16_2,no,0.47629880905151367
59,2,8_1,si,1.7143065929412842
59,2,8_2,si,1.9024238586425781
59,2,16_2,si,1.9230091571807861
59,2,8_1,no,1.7151472568511963
59,2,8_2,no,1.9243495464324951
59,2,16_2,no,1.9303889274597168
59,3,8_1,si,3.8325657844543457
59,3,8_2,si,4.332656145095825
59,3,16_2,si,4.361740350723267
59,3,8_1,no,3.8438100814819336
59,3,8_2,no,4.328988552093506
59,3,16_2,no,4.339321851730347
59,4,8_1,si,6.873491525650024
59,4,8_2,si,7.758208274841309
59,4,16_2,si,7.770256996154785
59,4,8_1,no,6.9265429973602295
59,4,8_2,no,7.736082077026367
59,4,16_2,no,7.826725244522095
60,1,8_1,si,0.41357898712158203
60,1,8_2,si,0.4652087688446045
60,1,16_2,si,0.46655774116516113
60,1,8_1,no,0.4159367084503174
60,1,8_2,no,0.4636414051055908
60,1,16_2,no,0.47690582275390625
60,2,8_1,si,1.700803279876709
60,2,8_2,si,1.8772060871124268
60,2,16_2,si,1.8956975936889648
60,2,8_1,no,1.6947681903839111
60,2,8_2,no,1.8920350074768066
60,2,16_2,no,1.9023516178131104
60,3,8_1,si,3.8276240825653076
60,3,8_2,si,4.330868482589722
60,3,16_2,si,4.3638904094696045
60,3,8_1,no,3.862642288208008
60,3,8_2,no,4.324612855911255
60,3,16_2,no,4.481048822402954
60,4,8_1,si,6.963115692138672
60,4,8_2,si,7.730999946594238
60,4,16_2,si,7.808196067810059
60,4,8_1,no,7.030137538909912
60,4,8_2,no,7.845994234085083
60,4,16_2,no,7.827457427978516
61,1,8_1,si,0.4191579818725586
61,1,8_2,si,0.4721810817718506
61,1,16_2,si,0.46337127685546875
61,1,8_1,no,0.4123115539550781
61,1,8_2,no,0.46248340606689453
61,1,16_2,no,0.48036766052246094
61,2,8_1,si,1.7134180068969727
61,2,8_2,si,1.928830862045288
61,2,16_2,si,1.944960117340088
61,2,8_1,no,1.7174618244171143
61,2,8_2,no,1.91585373878479
61,2,16_2,no,1.9664819240570068
61,3,8_1,si,3.832646369934082
61,3,8_2,si,4.374098062515259
61,3,16_2,si,4.413371801376343
61,3,8_1,no,3.8866028785705566
61,3,8_2,no,4.382788181304932
61,3,16_2,no,4.484852075576782
61,4,8_1,si,7.043290615081787
61,4,8_2,si,7.855173110961914
61,4,16_2,si,7.801637411117554
61,4,8_1,no,7.049874544143677
61,4,8_2,no,7.867930173873901
61,4,16_2,no,7.928778171539307
62,1,8_1,si,0.41191983222961426
62,1,8_2,si,0.4565742015838623
62,1,16_2,si,0.46585774421691895
62,1,8_1,no,0.41600728034973145
62,1,8_2,no,0.46271371841430664
62,1,16_2,no,0.47501611709594727
62,2,8_1,si,1.7400248050689697
62,2,8_2,si,1.9750595092773438
62,2,16_2,si,1.9344825744628906
62,2,8_1,no,1.7297682762145996
62,2,8_2,no,1.9417080879211426
62,2,16_2,no,1.9509050846099854
62,3,8_1,si,3.8932104110717773
62,3,8_2,si,4.370085954666138
62,3,16_2,si,4.433480978012085
62,3,8_1,no,3.9115681648254395
62,3,8_2,no,4.419317245483398
62,3,16_2,no,4.41100811958313
62,4,8_1,si,7.038553476333618
62,4,8_2,si,7.867291212081909
62,4,16_2,si,7.819549798965454
62,4,8_1,no,7.05504035949707
62,4,8_2,no,7.8709306716918945
62,4,16_2,no,7.906513690948486
63,1,8_1,si,0.42833542823791504
63,1,8_2,si,0.472109317779541
63,1,16_2,si,0.4725642204284668
63,1,8_1,no,0.4170377254486084
63,1,8_2,no,0.4684016704559326
63,1,16_2,no,0.46976470947265625
63,2,8_1,si,1.739001750946045
63,2,8_2,si,1.9672255516052246
63,2,16_2,si,1.9941105842590332
63,2,8_1,no,1.7586452960968018
63,2,8_2,no,1.9544711112976074
63,2,16_2,no,1.987504243850708
63,3,8_1,si,3.95229172706604
63,3,8_2,si,4.390817403793335
63,3,16_2,si,4.474305629730225
63,3,8_1,no,3.958979606628418
63,3,8_2,no,4.366925239562988
63,3,16_2,no,4.405550479888916
63,4,8_1,si,6.996682405471802
63,4,8_2,si,7.874440431594849
63,4,16_2,si,7.951995372772217
63,4,8_1,no,6.989934682846069
63,4,8_2,no,7.905803680419922
63,4,16_2,no,7.999532699584961
64,1,8_1,si,0.41839098930358887
64,1,8_2,si,0.46387600898742676
64,1,16_2,si,0.46747827529907227
64,1,8_1,no,0.41880178451538086
64,1,8_2,no,0.4640939235687256
64,1,16_2,no,0.4705963134765625
64,2,8_1,si,1.7000000476837158
64,2,8_2,si,1.9195761680603027
64,2,16_2,si,1.9517512321472168
64,2,8_1,no,1.738769769668579
64,2,8_2,no,1.9209370613098145
64,2,16_2,no,1.9509131908416748
64,3,8_1,si,3.896418809890747
64,3,8_2,si,4.372148752212524
64,3,16_2,si,4.3884124755859375
64,3,8_1,no,3.9259860515594482
64,3,8_2,no,4.437192440032959
64,3,16_2,no,4.444643259048462
64,4,8_1,si,6.981529951095581
64,4,8_2,si,7.75631046295166
64,4,16_2,si,7.819967031478882
64,4,8_1,no,7.011680841445923
64,4,8_2,no,7.9446117877960205
64,4,16_2,no,7.952282428741455
65,1,8_1,si,0.42452573776245117
65,1,8_2,si,0.4649999141693115
65,1,16_2,si,0.47037339210510254
65,1,8_1,no,0.4196009635925293
65,1,8_2,no,0.4681854248046875
65,1,16_2,no,0.4802510738372803
65,2,8_1,si,1.74934983253479
65,2,8_2,si,1.9312591552734375
65,2,16_2,si,1.9608800411224365
65,2,8_1,no,1.7747604846954346
65,2,8_2,no,1.952636957168579
65,2,16_2,no,1.9661014080047607
65,3,8_1,si,3.9620201587677
65,3,8_2,si,4.445298671722412
65,3,16_2,si,4.442154169082642
65,3,8_1,no,3.9208083152770996
65,3,8_2,no,4.417109251022339
65,3,16_2,no,4.433912992477417
65,4,8_1,si,6.948362588882446
65,4,8_2,si,7.846067667007446
65,4,16_2,si,7.850233554840088
65,4,8_1,no,7.010341167449951
65,4,8_2,no,7.846678972244263
65,4,16_2,no,7.925212621688843
66,1,8_1,si,0.41302919387817383
66,1,8_2,si,0.4627494812011719
66,1,16_2,si,0.4659264087677002
66,1,8_1,no,0.4205338954925537
66,1,8_2,no,0.47498273849487305
66,1,16_2,no,0.47798943519592285
66,2,8_1,si,1.7091257572174072
66,2,8_2,si,1.933797836303711
66,2,16_2,si,1.967184066772461
66,2,8_1,no,1.740182638168335
66,2,8_2,no,1.9689102172851562
66,2,16_2,no,1.937086582183838
66,3,8_1,si,3.9162209033966064
66,3,8_2,si,4.382238149642944
66,3,16_2,si,4.375763654708862
66,3,8_1,no,3.912254810333252
66,3,8_2,no,4.372926712036133
66,3,16_2,no,4.402683734893799
66,4,8_1,si,6.966586589813232
66,4,8_2,si,7.765894889831543
66,4,16_2,si,7.788248538970947
66,4,8_1,no,6.934681177139282
66,4,8_2,no,7.722902297973633
66,4,16_2,no,7.767702579498291
67,1,8_1,si,0.41315793991088867
67,1,8_2,si,0.4633924961090088
67,1,16_2,si,0.4617269039154053
67,1,8_1,no,0.40816664695739746
67,1,8_2,no,0.4573018550872803
67,1,16_2,no,0.4608156681060791
67,2,8_1,si,1.698265552520752
67,2,8_2,si,1.8881962299346924
67,2,16_2,si,1.8891260623931885
67,2,8_1,no,1.7257678508758545
67,2,8_2,no,1.9333267211914062
67,2,16_2,no,1.9256794452667236
67,3,8_1,si,3.822077512741089
67,3,8_2,si,4.2855753898620605
67,3,16_2,si,4.336184501647949
67,3,8_1,no,3.8564159870147705
67,3,8_2,no,4.3148415088653564
67,3,16_2,no,4.359038352966309
67,4,8_1,si,6.863991975784302
67,4,8_2,si,7.708496332168579
67,4,16_2,si,7.8055739402771
67,4,8_1,no,6.9502599239349365
67,4,8_2,no,7.759589910507202
67,4,16_2,no,7.775418281555176
68,1,8_1,si,0.4095418453216553
68,1,8_2,si,0.45902061462402344
68,1,16_2,si,0.45879364013671875
68,1,8_1,no,0.40824127197265625
68,1,8_2,no,0.4560096263885498
68,1,16_2,no,0.46932005882263184
68,2,8_1,si,1.6850721836090088
68,2,8_2,si,1.8925304412841797
68,2,16_2,si,1.9005069732666016
68,2,8_1,no,1.7104766368865967
68,2,8_2,no,1.8902735710144043
68,2,16_2,no,1.9266810417175293
68,3,8_1,si,3.861660957336426
68,3,8_2,si,4.322173357009888
68,3,16_2,si,4.364596366882324
68,3,8_1,no,3.872180223464966
68,3,8_2,no,4.3351335525512695
68,3,16_2,no,4.407879829406738
68,4,8_1,si,6.965583086013794
68,4,8_2,si,7.740164518356323
68,4,16_2,si,7.767757892608643
68,4,8_1,no,6.892852306365967
68,4,8_2,no,7.770545959472656
68,4,16_2,no,7.826919078826904
69,1,8_1,si,0.4146413803100586
69,1,8_2,si,0.4620239734649658
69,1,16_2,si,0.4679687023162842
69,1,8_1,no,0.4152505397796631
69,1,8_2,no,0.4701387882232666
69,1,16_2,no,0.46961164474487305
69,2,8_1,si,1.7098760604858398
69,2,8_2,si,1.8970868587493896
69,2,16_2,si,1.9097645282745361
69,2,8_1,no,1.7110161781311035
69,2,8_2,no,1.9017257690429688
69,2,16_2,no,1.9166717529296875
69,3,8_1,si,3.859003782272339
69,3,8_2,si,4.356484651565552
69,3,16_2,si,4.376327276229858
69,3,8_1,no,3.893233299255371
69,3,8_2,no,4.359787464141846
69,3,16_2,no,4.394254922866821
69,4,8_1,si,7.079122543334961
69,4,8_2,si,7.836008071899414
69,4,16_2,si,7.903613805770874
69,4,8_1,no,7.071372032165527
69,4,8_2,no,7.912152290344238
69,4,16_2,no,7.924093723297119
70,1,8_1,si,0.4167301654815674
70,1,8_2,si,0.46857571601867676
70,1,16_2,si,0.47373247146606445
70,1,8_1,no,0.41187191009521484
70,1,8_2,no,0.46456336975097656
70,1,16_2,no,0.47211337089538574
70,2,8_1,si,1.7170522212982178
70,2,8_2,si,1.9393987655639648
70,2,16_2,si,1.9412925243377686
70,2,8_1,no,1.7210173606872559
70,2,8_2,no,1.8900694847106934
70,2,16_2,no,1.9321916103363037
70,3,8_1,si,3.8652398586273193
70,3,8_2,si,4.3380091190338135
70,3,16_2,si,4.351202964782715
70,3,8_1,no,3.860976219177246
70,3,8_2,no,4.358085632324219
70,3,16_2,no,4.3749778270721436
70,4,8_1,si,6.830509901046753
70,4,8_2,si,7.679713249206543
70,4,16_2,si,7.733810186386108
70,4,8_1,no,6.95729923248291
70,4,8_2,no,7.90601110458374
70,4,16_2,no,7.86033296585083
71,1,8_1,si,0.4109034538269043
71,1,8_2,si,0.4611802101135254
71,1,16_2,si,0.46622347831726074
71,1,8_1,no,0.4090890884399414
71,1,8_2,no,0.4595212936401367
71,1,16_2,no,0.46808362007141113
71,2,8_1,si,1.6863031387329102
71,2,8_2,si,1.890653371810913
71,2,16_2,si,1.9222354888916016
71,2,8_1,no,1.7070457935333252
71,2,8_2,no,1.8983409404754639
71,2,16_2,no,1.950610876083374
71,3,8_1,si,3.8372976779937744
71,3,8_2,si,4.328593492507935
71,3,16_2,si,4.420968294143677
71,3,8_1,no,3.8696389198303223
71,3,8_2,no,4.327402353286743
71,3,16_2,no,4.439157724380493
71,4,8_1,si,6.905343294143677
71,4,8_2,si,7.70805287361145
71,4,16_2,si,7.769104480743408
71,4,8_1,no,6.887606382369995
71,4,8_2,no,7.710094928741455
71,4,16_2,no,7.879887104034424
72,1,8_1,si,0.41504502296447754
72,1,8_2,si,0.4623267650604248
72,1,16_2,si,0.4637739658355713
72,1,8_1,no,0.41493678092956543
72,1,8_2,no,0.46576738357543945
72,1,16_2,no,0.47017526626586914
72,2,8_1,si,1.7003562450408936
72,2,8_2,si,1.9050219058990479
72,2,16_2,si,1.9259047508239746
72,2,8_1,no,1.7091209888458252
72,2,8_2,no,1.8999295234680176
72,2,16_2,no,1.939798355102539
72,3,8_1,si,3.8888306617736816
72,3,8_2,si,4.354995250701904
72,3,16_2,si,4.387853384017944
72,3,8_1,no,3.912266492843628
72,3,8_2,no,4.376374006271362
72,3,16_2,no,4.419337034225464
72,4,8_1,si,7.024488210678101
72,4,8_2,si,7.813720464706421
72,4,16_2,si,7.897421360015869
72,4,8_1,no,7.080854177474976
72,4,8_2,no,7.862900018692017
72,4,16_2,no,7.901689052581787
73,1,8_1,si,0.9143624305725098
73,1,8_2,si,0.962155818939209
73,1,16_2,si,0.9722471237182617
73,1,8_1,no,0.9154410362243652
73,1,8_2,no,0.9622664451599121
73,1,16_2,no,0.9973092079162598
73,2,8_1,si,3.794858455657959
73,2,8_2,si,4.012292385101318
73,2,16_2,si,4.014244079589844
73,2,8_1,no,3.813086748123169
73,2,8_2,no,3.998943328857422
73,2,16_2,no,3.995568037033081
73,3,8_1,si,8.553561925888062
73,3,8_2,si,8.990893363952637
73,3,16_2,si,9.0335853099823
73,3,8_1,no,8.500091552734375
73,3,8_2,no,9.058969259262085
73,3,16_2,no,9.081792831420898
73,4,8_1,si,15.202729225158691
73,4,8_2,si,16.143301486968994
73,4,16_2,si,16.14483070373535
73,4,8_1,no,15.31019902229309
73,4,8_2,no,16.04033374786377
73,4,16_2,no,16.161309719085693
74,1,8_1,si,0.9100186824798584
74,1,8_2,si,0.9592888355255127
74,1,16_2,si,0.956916332244873
74,1,8_1,no,0.9139647483825684
74,1,8_2,no,0.9606211185455322
74,1,16_2,no,0.964691162109375
74,2,8_1,si,3.7711992263793945
74,2,8_2,si,3.974980592727661
74,2,16_2,si,3.9571726322174072
74,2,8_1,no,3.8054471015930176
74,2,8_2,no,3.9815948009490967
74,2,16_2,no,3.969165563583374
74,3,8_1,si,8.5141122341156
74,3,8_2,si,9.051190376281738
74,3,16_2,si,9.052682876586914
74,3,8_1,no,8.5563645362854
74,3,8_2,no,9.005051612854004
74,3,16_2,no,9.05302357673645
74,4,8_1,si,15.272179126739502
74,4,8_2,si,15.97769808769226
74,4,16_2,si,16.144811630249023
74,4,8_1,no,15.26645541191101
74,4,8_2,no,16.01508665084839
74,4,16_2,no,16.176580667495728
75,1,8_1,si,0.9139127731323242
75,1,8_2,si,0.9648127555847168
75,1,16_2,si,0.9711146354675293
75,1,8_1,no,0.9156408309936523
75,1,8_2,no,0.9667208194732666
75,1,16_2,no,0.9725747108459473
75,2,8_1,si,1.6871232986450195
75,2,8_2,si,1.9038069248199463
75,2,16_2,si,1.920710563659668
75,2,8_1,no,1.7109169960021973
75,2,8_2,no,1.9013030529022217
75,2,16_2,no,1.923475742340088
75,3,8_1,si,3.855048179626465
75,3,8_2,si,4.324798345565796
75,3,16_2,si,4.348546504974365
75,3,8_1,no,3.8764700889587402
75,3,8_2,no,4.3327476978302
75,3,16_2,no,4.37277364730835
75,4,8_1,si,6.930321455001831
75,4,8_2,si,7.780068874359131
75,4,16_2,si,7.767559766769409
75,4,8_1,no,6.957163333892822
75,4,8_2,no,7.777998685836792
75,4,16_2,no,7.824716329574585
76,1,8_1,si,0.41063475608825684
76,1,8_2,si,0.46260905265808105
76,1,16_2,si,0.46425604820251465
76,1,8_1,no,0.4081861972808838
76,1,8_2,no,0.4601626396179199
76,1,16_2,no,0.4698314666748047
76,2,8_1,si,1.6998419761657715
76,2,8_2,si,1.9138274192810059
76,2,16_2,si,1.9288201332092285
76,2,8_1,no,1.705782175064087
76,2,8_2,no,1.9152226448059082
76,2,16_2,no,1.9395253658294678
76,3,8_1,si,3.8712565898895264
76,3,8_2,si,4.318723917007446
76,3,16_2,si,4.337612867355347
76,3,8_1,no,3.865246534347534
76,3,8_2,no,4.323469877243042
76,3,16_2,no,4.367955684661865
76,4,8_1,si,6.818868637084961
76,4,8_2,si,7.727539777755737
76,4,16_2,si,7.738461494445801
76,4,8_1,no,6.85648250579834
76,4,8_2,no,7.716204643249512
76,4,16_2,no,7.77945613861084
77,1,8_1,si,0.40987277030944824
77,1,8_2,si,0.4599885940551758
77,1,16_2,si,0.46352195739746094
77,1,8_1,no,0.40825581550598145
77,1,8_2,no,0.4640965461730957
77,1,16_2,no,0.4647529125213623
77,2,8_1,si,1.6832289695739746
77,2,8_2,si,1.8910117149353027
77,2,16_2,si,1.901082992553711
77,2,8_1,no,1.7034883499145508
77,2,8_2,no,1.898418664932251
77,2,16_2,no,1.9137108325958252
77,3,8_1,si,3.8415157794952393
77,3,8_2,si,4.339141130447388
77,3,16_2,si,4.3371195793151855
77,3,8_1,no,3.87038516998291
77,3,8_2,no,4.337913274765015
77,3,16_2,no,4.377940654754639
77,4,8_1,si,6.934550762176514
77,4,8_2,si,7.723218202590942
77,4,16_2,si,7.762081623077393
77,4,8_1,no,6.941162824630737
77,4,8_2,no,7.73986554145813
77,4,16_2,no,7.806528806686401
78,1,8_1,si,0.4125649929046631
78,1,8_2,si,0.4575498104095459
78,1,16_2,si,0.45869946479797363
78,1,8_1,no,0.4063148498535156
78,1,8_2,no,0.45758700370788574
78,1,16_2,no,0.4640493392944336
78,2,8_1,si,1.694410800933838
78,2,8_2,si,1.9100511074066162
78,2,16_2,si,1.9140779972076416
78,2,8_1,no,1.6949131488800049
78,2,8_2,no,1.9049363136291504
78,2,16_2,no,1.9176392555236816
78,3,8_1,si,3.841630697250366
78,3,8_2,si,4.324330568313599
78,3,16_2,si,4.316493272781372
78,3,8_1,no,3.8438587188720703
78,3,8_2,no,4.327333211898804
78,3,16_2,no,4.361261606216431
78,4,8_1,si,6.879437446594238
78,4,8_2,si,7.770812034606934
78,4,16_2,si,7.760847091674805
78,4,8_1,no,6.889004707336426
78,4,8_2,no,7.77601170539856
78,4,16_2,no,7.832255125045776
79,1,8_1,si,0.4111461639404297
79,1,8_2,si,0.4643425941467285
79,1,16_2,si,0.46841931343078613
79,1,8_1,no,0.41432762145996094
79,1,8_2,no,0.46784114837646484
79,1,16_2,no,0.472808837890625
79,2,8_1,si,1.7119309902191162
79,2,8_2,si,1.920226812362671
79,2,16_2,si,1.9186975955963135
79,2,8_1,no,1.7065684795379639
79,2,8_2,no,1.911184549331665
79,2,16_2,no,1.9343457221984863
79,3,8_1,si,3.847466468811035
79,3,8_2,si,4.314397573471069
79,3,16_2,si,4.300547122955322
79,3,8_1,no,3.864290237426758
79,3,8_2,no,4.330661296844482
79,3,16_2,no,4.343682765960693
79,4,8_1,si,6.858654022216797
79,4,8_2,si,7.728726387023926
79,4,16_2,si,7.717991590499878
79,4,8_1,no,6.877678871154785
79,4,8_2,no,7.74554181098938
79,4,16_2,no,7.830099105834961
80,1,8_1,si,0.4099388122558594
80,1,8_2,si,0.46202993392944336
80,1,16_2,si,0.4644491672515869
80,1,8_1,no,0.4092891216278076
80,1,8_2,no,0.4616353511810303
80,1,16_2,no,0.47063612937927246
80,2,8_1,si,1.679518222808838
80,2,8_2,si,1.887279748916626
80,2,16_2,si,1.9136836528778076
80,2,8_1,no,1.6961421966552734
80,2,8_2,no,1.9118387699127197
80,2,16_2,no,1.9227008819580078
80,3,8_1,si,3.8599905967712402
80,3,8_2,si,4.3289475440979
80,3,16_2,si,4.306427717208862
80,3,8_1,no,3.8698291778564453
80,3,8_2,no,4.330779552459717
80,3,16_2,no,4.367717504501343
80,4,8_1,si,6.888740301132202
80,4,8_2,si,7.715375661849976
80,4,16_2,si,7.713778257369995
80,4,8_1,no,6.921233892440796
80,4,8_2,no,7.724160194396973
80,4,16_2,no,7.8119120597839355
81,1,8_1,si,0.4083364009857178
81,1,8_2,si,0.4646589756011963
81,1,16_2,si,0.4660975933074951
81,1,8_1,no,0.41036224365234375
81,1,8_2,no,0.46453118324279785
81,1,16_2,no,0.46947383880615234
81,2,8_1,si,1.68442964553833
81,2,8_2,si,1.8910362720489502
81,2,16_2,si,1.897242546081543
81,2,8_1,no,1.6886651515960693
81,2,8_2,no,1.8998141288757324
81,2,16_2,no,1.931257963180542
81,3,8_1,si,3.8559410572052
81,3,8_2,si,4.3346476554870605
81,3,16_2,si,4.322115421295166
81,3,8_1,no,3.88158917427063
81,3,8_2,no,4.328938961029053
81,3,16_2,no,4.358712673187256
81,4,8_1,si,6.924461364746094
81,4,8_2,si,7.751412630081177
81,4,16_2,si,7.754710912704468
81,4,8_1,no,6.8965654373168945
81,4,8_2,no,7.747312307357788
81,4,16_2,no,7.807171106338501
82,1,8_1,si,0.41071319580078125
82,1,8_2,si,0.46342897415161133
82,1,16_2,si,0.46617960929870605
82,1,8_1,no,0.4104275703430176
82,1,8_2,no,0.45997166633605957
82,1,16_2,no,0.46866512298583984
82,2,8_1,si,1.6794819831848145
82,2,8_2,si,1.9043614864349365
82,2,16_2,si,1.9066846370697021
82,2,8_1,no,1.694788932800293
82,2,8_2,no,1.9042441844940186
82,2,16_2,no,1.9247539043426514
82,3,8_1,si,3.842141628265381
82,3,8_2,si,4.332209825515747
82,3,16_2,si,4.35598087310791
82,3,8_1,no,3.878124237060547
82,3,8_2,no,4.338918447494507
82,3,16_2,no,4.363189935684204
82,4,8_1,si,6.906999349594116
82,4,8_2,si,7.7512290477752686
82,4,16_2,si,7.71200704574585
82,4,8_1,no,6.86588191986084
82,4,8_2,no,7.728409767150879
82,4,16_2,no,7.821999788284302
83,1,8_1,si,0.4090573787689209
83,1,8_2,si,0.46268773078918457
83,1,16_2,si,0.4673633575439453
83,1,8_1,no,0.41088080406188965
83,1,8_2,no,0.4654073715209961
83,1,16_2,no,0.4675405025482178
83,2,8_1,si,1.6979176998138428
83,2,8_2,si,1.9101128578186035
83,2,16_2,si,1.9084627628326416
83,2,8_1,no,1.7069518566131592
83,2,8_2,no,1.912853479385376
83,2,16_2,no,1.9323813915252686
83,3,8_1,si,3.8506855964660645
83,3,8_2,si,4.3316121101379395
83,3,16_2,si,4.345354080200195
83,3,8_1,no,3.864609479904175
83,3,8_2,no,4.300225496292114
83,3,16_2,no,4.3706231117248535
83,4,8_1,si,6.905292987823486
83,4,8_2,si,7.706798076629639
83,4,16_2,si,7.714982271194458
83,4,8_1,no,6.899559020996094
83,4,8_2,no,7.70343542098999
83,4,16_2,no,7.7877607345581055
84,1,8_1,si,0.410564661026001
84,1,8_2,si,0.45905399322509766
84,1,16_2,si,0.4634525775909424
84,1,8_1,no,0.4101743698120117
84,1,8_2,no,0.45829319953918457
84,1,16_2,no,0.4644629955291748
84,2,8_1,si,1.6902992725372314
84,2,8_2,si,1.895263671875
84,2,16_2,si,1.9066565036773682
84,2,8_1,no,1.692049264907837
84,2,8_2,no,1.9033052921295166
84,2,16_2,no,1.9353694915771484
84,3,8_1,si,3.8567423820495605
84,3,8_2,si,4.3237223625183105
84,3,16_2,si,4.344236135482788
84,3,8_1,no,3.867758274078369
84,3,8_2,no,4.317979335784912
84,3,16_2,no,4.338168621063232
84,4,8_1,si,6.9003660678863525
84,4,8_2,si,7.771841764450073
84,4,16_2,si,7.735311508178711
84,4,8_1,no,6.862241506576538
84,4,8_2,no,7.707396984100342
84,4,16_2,no,7.787402153015137
85,1,8_1,si,0.40631604194641113
85,1,8_2,si,0.4631643295288086
85,1,16_2,si,0.4629042148590088
85,1,8_1,no,0.40830445289611816
85,1,8_2,no,0.46024608612060547
85,1,16_2,no,0.4620208740234375
85,2,8_1,si,1.6847684383392334
85,2,8_2,si,1.8904430866241455
85,2,16_2,si,1.9051158428192139
85,2,8_1,no,1.7022266387939453
85,2,8_2,no,1.9050869941711426
85,2,16_2,no,1.921612024307251
85,3,8_1,si,3.831932783126831
85,3,8_2,si,4.3119118213653564
85,3,16_2,si,4.325719356536865
85,3,8_1,no,3.8663272857666016
85,3,8_2,no,4.3342413902282715
85,3,16_2,no,4.36609959602356
85,4,8_1,si,6.90447735786438
85,4,8_2,si,7.778524875640869
85,4,16_2,si,7.793503046035767
85,4,8_1,no,6.90163516998291
85,4,8_2,no,7.762766599655151
85,4,16_2,no,7.83281946182251
86,1,8_1,si,0.4110898971557617
86,1,8_2,si,0.46372246742248535
86,1,16_2,si,0.4678375720977783
86,1,8_1,no,0.41034817695617676
86,1,8_2,no,0.46182966232299805
86,1,16_2,no,0.46924376487731934
86,2,8_1,si,1.689251184463501
86,2,8_2,si,1.8992183208465576
86,2,16_2,si,1.897024154663086
86,2,8_1,no,1.687182903289795
86,2,8_2,no,1.8939664363861084
86,2,16_2,no,1.9272143840789795
86,3,8_1,si,3.834977149963379
86,3,8_2,si,4.318200349807739
86,3,16_2,si,4.308368921279907
86,3,8_1,no,3.821730375289917
86,3,8_2,no,4.279085159301758
86,3,16_2,no,4.345030784606934
86,4,8_1,si,6.897695779800415
86,4,8_2,si,7.710526943206787
86,4,16_2,si,7.706879615783691
86,4,8_1,no,6.864473581314087
86,4,8_2,no,7.7642457485198975
86,4,16_2,no,7.795276165008545
87,1,8_1,si,0.4089822769165039
87,1,8_2,si,0.46138548851013184
87,1,16_2,si,0.46325087547302246
87,1,8_1,no,0.4136502742767334
87,1,8_2,no,0.4632108211517334
87,1,16_2,no,0.46588897705078125
87,2,8_1,si,1.688504695892334
87,2,8_2,si,1.9077520370483398
87,2,16_2,si,1.9084782600402832
87,2,8_1,no,1.691474437713623
87,2,8_2,no,1.8930854797363281
87,2,16_2,no,1.9208712577819824
87,3,8_1,si,3.864682912826538
87,3,8_2,si,4.342966794967651
87,3,16_2,si,4.349512577056885
87,3,8_1,no,3.8759968280792236
87,3,8_2,no,4.345117092132568
87,3,16_2,no,4.383933782577515
87,4,8_1,si,6.945672512054443
87,4,8_2,si,7.783871173858643
87,4,16_2,si,7.75117301940918
87,4,8_1,no,6.879983186721802
87,4,8_2,no,7.719867706298828
87,4,16_2,no,7.806697845458984
88,1,8_1,si,0.4060819149017334
88,1,8_2,si,0.46373724937438965
88,1,16_2,si,0.46653032302856445
88,1,8_1,no,0.4114105701446533
88,1,8_2,no,0.46459364891052246
88,1,16_2,no,0.46970224380493164
88,2,8_1,si,1.6989080905914307
88,2,8_2,si,1.9070782661437988
88,2,16_2,si,1.9067425727844238
88,2,8_1,no,1.6949639320373535
88,2,8_2,no,1.908158540725708
88,2,16_2,no,1.9276797771453857
88,3,8_1,si,3.850104570388794
88,3,8_2,si,4.316741228103638
88,3,16_2,si,4.326532363891602
88,3,8_1,no,3.8635993003845215
88,3,8_2,no,4.331535577774048
88,3,16_2,no,4.381035327911377
88,4,8_1,si,6.877504348754883
88,4,8_2,si,7.7229626178741455
88,4,16_2,si,7.708486557006836
88,4,8_1,no,6.883157014846802
88,4,8_2,no,7.734317779541016
88,4,16_2,no,7.801026105880737
89,1,8_1,si,0.4110283851623535
89,1,8_2,si,0.46113061904907227
89,1,16_2,si,0.4670848846435547
89,1,8_1,no,0.4112257957458496
89,1,8_2,no,0.4613957405090332
89,1,16_2,no,0.46816277503967285
89,2,8_1,si,1.6940813064575195
89,2,8_2,si,1.9075682163238525
89,2,16_2,si,1.916877269744873
89,2,8_1,no,1.7041707038879395
89,2,8_2,no,1.9046928882598877
89,2,16_2,no,1.926459550857544
89,3,8_1,si,3.873875617980957
89,3,8_2,si,4.3616783618927
89,3,16_2,si,4.357762575149536
89,3,8_1,no,3.878197431564331
89,3,8_2,no,4.339278221130371
89,3,16_2,no,4.385335206985474
89,4,8_1,si,6.877401113510132
89,4,8_2,si,7.743085622787476
89,4,16_2,si,7.757918834686279
89,4,8_1,no,6.9116597175598145
89,4,8_2,no,7.698984384536743
89,4,16_2,no,7.8371741771698
90,1,8_1,si,0.40965867042541504
90,1,8_2,si,0.46356725692749023
90,1,16_2,si,0.4615819454193115
90,1,8_1,no,0.4110994338989258
90,1,8_2,no,0.46309661865234375
90,1,16_2,no,0.4690430164337158
90,2,8_1,si,1.6941239833831787
90,2,8_2,si,1.9053971767425537
90,2,16_2,si,1.9169223308563232
90,2,8_1,no,1.6973037719726562
90,2,8_2,no,1.9040937423706055
90,2,16_2,no,1.9254746437072754
90,3,8_1,si,3.849154472351074
90,3,8_2,si,4.313212156295776
90,3,16_2,si,4.327681541442871
90,3,8_1,no,3.8408336639404297
90,3,8_2,no,4.324626922607422
90,3,16_2,no,4.346558570861816
90,4,8_1,si,6.866706371307373
90,4,8_2,si,7.720158815383911
90,4,16_2,si,7.720359802246094
90,4,8_1,no,6.876766204833984
90,4,8_2,no,7.705333709716797
90,4,16_2,no,7.818230152130127
91,1,8_1,si,0.411456823348999
91,1,8_2,si,0.4608454704284668
91,1,16_2,si,0.46218395233154297
91,1,8_1,no,0.40676403045654297
91,1,8_2,no,0.46040868759155273
91,1,16_2,no,0.4668612480163574
91,2,8_1,si,1.697397232055664
91,2,8_2,si,1.8999049663543701
91,2,16_2,si,1.9121558666229248
91,2,8_1,no,1.7100152969360352
91,2,8_2,no,1.904719352722168
91,2,16_2,no,1.9155802726745605
91,3,8_1,si,3.830500602722168
91,3,8_2,si,4.327391147613525
91,3,16_2,si,4.3597307205200195
91,3,8_1,no,3.8626554012298584
91,3,8_2,no,4.326739072799683
91,3,16_2,no,4.394345998764038
91,4,8_1,si,7.064761638641357
91,4,8_2,si,7.984459400177002
91,4,16_2,si,7.88191032409668
91,4,8_1,no,6.975060224533081
91,4,8_2,no,7.808223724365234
91,4,16_2,no,7.861823558807373
92,1,8_1,si,0.41025424003601074
92,1,8_2,si,0.4633512496948242
92,1,16_2,si,0.46744465827941895
92,1,8_1,no,0.4161527156829834
92,1,8_2,no,0.4637594223022461
92,1,16_2,no,0.4786810874938965
92,2,8_1,si,1.7803714275360107
92,2,8_2,si,1.9411420822143555
92,2,16_2,si,1.9052352905273438
92,2,8_1,no,1.695652723312378
92,2,8_2,no,1.9035868644714355
92,2,16_2,no,1.922041893005371
92,3,8_1,si,3.8310723304748535
92,3,8_2,si,4.335833787918091
92,3,16_2,si,4.322712421417236
92,3,8_1,no,3.8604319095611572
92,3,8_2,no,4.329820156097412
92,3,16_2,no,4.367449998855591
92,4,8_1,si,6.890333652496338
92,4,8_2,si,7.730424165725708
92,4,16_2,si,7.736692667007446
92,4,8_1,no,6.884509325027466
92,4,8_2,no,7.7090442180633545
92,4,16_2,no,7.773101568222046
93,1,8_1,si,0.41371750831604004
93,1,8_2,si,0.46117377281188965
93,1,16_2,si,0.4658846855163574
93,1,8_1,no,0.40644049644470215
93,1,8_2,no,0.45824551582336426
93,1,16_2,no,0.4634544849395752
93,2,8_1,si,1.6899752616882324
93,2,8_2,si,1.8917546272277832
93,2,16_2,si,1.8944406509399414
93,2,8_1,no,1.693206548690796
93,2,8_2,no,1.8879475593566895
93,2,16_2,no,1.9052369594573975
93,3,8_1,si,3.839707374572754
93,3,8_2,si,4.324902057647705
93,3,16_2,si,4.3401947021484375
93,3,8_1,no,3.8505947589874268
93,3,8_2,no,4.340741395950317
93,3,16_2,no,4.3768086433410645
93,4,8_1,si,6.903851747512817
93,4,8_2,si,7.769567251205444
93,4,16_2,si,7.749143362045288
93,4,8_1,no,6.90200400352478
93,4,8_2,no,7.738760232925415
93,4,16_2,no,7.835730791091919
94,1,8_1,si,0.411163330078125
94,1,8_2,si,0.46079349517822266
94,1,16_2,si,0.4620933532714844
94,1,8_1,no,0.4084186553955078
94,1,8_2,no,0.45837974548339844
94,1,16_2,no,0.4633338451385498
94,2,8_1,si,1.6981258392333984
94,2,8_2,si,1.9215590953826904
94,2,16_2,si,1.9153437614440918
94,2,8_1,no,1.6997337341308594
94,2,8_2,no,1.9002933502197266
94,2,16_2,no,1.9186742305755615
94,3,8_1,si,3.8405394554138184
94,3,8_2,si,4.330037355422974
94,3,16_2,si,4.348597049713135
94,3,8_1,no,3.863346815109253
94,3,8_2,no,4.337174415588379
94,3,16_2,no,4.369209289550781
94,4,8_1,si,6.840483903884888
94,4,8_2,si,7.710381507873535
94,4,16_2,si,7.687024831771851
94,4,8_1,no,6.896337509155273
94,4,8_2,no,7.728472709655762
94,4,16_2,no,7.788353681564331
95,1,8_1,si,0.4139375686645508
95,1,8_2,si,0.46280598640441895
95,1,16_2,si,0.46411705017089844
95,1,8_1,no,0.4124794006347656
95,1,8_2,no,0.4626779556274414
95,1,16_2,no,0.4673576354980469
95,2,8_1,si,1.6858296394348145
95,2,8_2,si,1.9082677364349365
95,2,16_2,si,1.9166979789733887
95,2,8_1,no,1.7104651927947998
95,2,8_2,no,1.9138247966766357
95,2,16_2,no,1.9210257530212402
95,3,8_1,si,3.866071939468384
95,3,8_2,si,4.334990501403809
95,3,16_2,si,4.352971792221069
95,3,8_1,no,3.86306095123291
95,3,8_2,no,4.314338684082031
95,3,16_2,no,4.3600850105285645
95,4,8_1,si,6.901655912399292
95,4,8_2,si,7.74760365486145
95,4,16_2,si,7.746081352233887
95,4,8_1,no,6.9223222732543945
95,4,8_2,no,7.709194183349609
95,4,16_2,no,7.8362815380096436
96,1,8_1,si,0.4098184108734131
96,1,8_2,si,0.4627959728240967
96,1,16_2,si,0.4645240306854248
96,1,8_1,no,0.40995240211486816
96,1,8_2,no,0.4603996276855469
96,1,16_2,no,0.4645721912384033
96,2,8_1,si,1.6837639808654785
96,2,8_2,si,1.9102590084075928
96,2,16_2,si,1.9116241931915283
96,2,8_1,no,1.7020268440246582
96,2,8_2,no,1.8997983932495117
96,2,16_2,no,1.9252071380615234
96,3,8_1,si,3.8197038173675537
96,3,8_2,si,4.33196234703064
96,3,16_2,si,4.339761734008789
96,3,8_1,no,3.8704874515533447
96,3,8_2,no,4.3598761558532715
96,3,16_2,no,4.375775098800659
96,4,8_1,si,6.86254620552063
96,4,8_2,si,7.745286703109741
96,4,16_2,si,7.733299493789673
96,4,8_1,no,6.878428220748901
96,4,8_2,no,7.725323915481567
96,4,16_2,no,7.787272930145264
97,1,8_1,si,0.41379404067993164
97,1,8_2,si,0.4641227722167969
97,1,16_2,si,0.4618382453918457
97,1,8_1,no,0.4104275703430176
97,1,8_2,no,0.4599311351776123
97,1,16_2,no,0.4716956615447998
97,2,8_1,si,1.6932291984558105
97,2,8_2,si,1.9042539596557617
97,2,16_2,si,1.9063162803649902
97,2,8_1,no,1.7189791202545166
97,2,8_2,no,1.9114007949829102
97,2,16_2,no,1.9296233654022217
97,3,8_1,si,3.8532845973968506
97,3,8_2,si,4.331721544265747
97,3,16_2,si,4.340967655181885
97,3,8_1,no,3.867274761199951
97,3,8_2,no,4.32570219039917
97,3,16_2,no,4.371780872344971
97,4,8_1,si,6.872607469558716
97,4,8_2,si,7.739264965057373
97,4,16_2,si,7.710174322128296
97,4,8_1,no,6.881297588348389
97,4,8_2,no,7.725967168807983
97,4,16_2,no,7.8018412590026855
98,1,8_1,si,0.4098827838897705
98,1,8_2,si,0.4602203369140625
98,1,16_2,si,0.4637284278869629
98,1,8_1,no,0.40904831886291504
98,1,8_2,no,0.4606189727783203
98,1,16_2,no,0.4652822017669678
98,2,8_1,si,1.6903564929962158
98,2,8_2,si,1.9032645225524902
98,2,16_2,si,1.905714750289917
98,2,8_1,no,1.6982383728027344
98,2,8_2,no,1.8987934589385986
98,2,16_2,no,1.9186656475067139
98,3,8_1,si,3.8741164207458496
98,3,8_2,si,4.3362908363342285
98,3,16_2,si,4.355268478393555
98,3,8_1,no,3.8530235290527344
98,3,8_2,no,4.332571029663086
98,3,16_2,no,4.372138977050781
98,4,8_1,si,6.897125959396362
98,4,8_2,si,7.70151948928833
98,4,16_2,si,7.726294994354248
98,4,8_1,no,6.882488250732422
98,4,8_2,no,7.755916357040405
98,4,16_2,no,7.8275744915008545
99,1,8_1,si,0.40933966636657715
99,1,8_2,si,0.4634709358215332
99,1,16_2,si,0.4646310806274414
99,1,8_1,no,0.41066813468933105
99,1,8_2,no,0.4600789546966553
99,1,16_2,no,0.46347618103027344
99,2,8_1,si,1.6816606521606445
99,2,8_2,si,1.8987181186676025
99,2,16_2,si,1.9140782356262207
99,2,8_1,no,1.6985664367675781
99,2,8_2,no,1.9112815856933594
99,2,16_2,no,1.9246389865875244
99,3,8_1,si,3.8670239448547363
99,3,8_2,si,4.343755006790161
99,3,16_2,si,4.33704686164856
99,3,8_1,no,3.862488031387329
99,3,8_2,no,4.309569597244263
99,3,16_2,no,4.369532823562622
99,4,8_1,si,6.9245970249176025
99,4,8_2,si,7.742414712905884
99,4,16_2,si,7.743180990219116
99,4,8_1,no,6.9029154777526855
99,4,8_2,no,7.72747540473938
99,4,16_2,no,7.813426971435547
100,1,8_1,si,0.405559778213501
100,1,8_2,si,0.4612128734588623
100,1,16_2,si,0.4650590419769287
100,1,8_1,no,0.412506103515625
100,1,8_2,no,0.46266889572143555
100,1,16_2,no,0.46324872970581055
100,2,8_1,si,1.6850013732910156
100,2,8_2,si,1.8897676467895508
100,2,16_2,si,1.9051156044006348
100,2,8_1,no,1.694260597229004
100,2,8_2,no,1.9007105827331543
100,2,16_2,no,1.9249391555786133
100,3,8_1,si,3.8509607315063477
100,3,8_2,si,4.320003986358643
100,3,16_2,si,4.327600002288818
100,3,8_1,no,3.8530561923980713
100,3,8_2,no,4.334208250045776
100,3,16_2,no,4.35943341255188
100,4,8_1,si,6.9122090339660645
100,4,8_2,si,7.778622627258301
100,4,16_2,si,7.7739715576171875
100,4,8_1,no,6.9024269580841064
100,4,8_2,no,7.762444972991943
100,4,16_2,no,7.843750953674316
101,1,8_1,si,0.41228151321411133
101,1,8_2,si,0.46312546730041504
101,1,16_2,si,0.46422338485717773
101,1,8_1,no,0.41328930854797363
101,1,8_2,no,0.46415114402770996
101,1,16_2,no,0.4694368839263916
101,2,8_1,si,1.7024385929107666
101,2,8_2,si,1.9201860427856445
101,2,16_2,si,1.9217634201049805
101,2,8_1,no,1.7066617012023926
101,2,8_2,no,1.8978185653686523
101,2,16_2,no,1.9294946193695068
101,3,8_1,si,3.8319389820098877
101,3,8_2,si,4.326105833053589
101,3,16_2,si,4.312311887741089
101,3,8_1,no,3.8474361896514893
101,3,8_2,no,4.3310301303863525
101,3,16_2,no,4.366822242736816
101,4,8_1,si,6.916585206985474
101,4,8_2,si,7.742541074752808
101,4,16_2,si,7.79335618019104
101,4,8_1,no,6.916059732437134
101,4,8_2,no,7.765164852142334
101,4,16_2,no,7.796257019042969
102,1,8_1,si,0.4083583354949951
102,1,8_2,si,0.46096277236938477
102,1,16_2,si,0.4631516933441162
102,1,8_1,no,0.4103717803955078
102,1,8_2,no,0.4605112075805664
102,1,16_2,no,0.46967482566833496
102,2,8_1,si,1.6897809505462646
102,2,8_2,si,1.913658857345581
102,2,16_2,si,1.9067420959472656
102,2,8_1,no,1.7014856338500977
102,2,8_2,no,1.8989982604980469
102,2,16_2,no,1.915015459060669
102,3,8_1,si,3.83547043800354
102,3,8_2,si,4.307398796081543
102,3,16_2,si,4.329961776733398
102,3,8_1,no,3.878732681274414
102,3,8_2,no,4.314290285110474
102,3,16_2,no,4.37343168258667
102,4,8_1,si,6.9153618812561035
102,4,8_2,si,7.718375205993652
102,4,16_2,si,7.759748697280884
102,4,8_1,no,6.90079927444458
102,4,8_2,no,7.746981620788574
102,4,16_2,no,7.845672845840454
103,1,8_1,si,0.4079105854034424
103,1,8_2,si,0.4591948986053467
103,1,16_2,si,0.4671623706817627
103,1,8_1,no,0.4087553024291992
103,1,8_2,no,0.4613149166107178
103,1,16_2,no,0.4681105613708496
103,2,8_1,si,1.6991088390350342
103,2,8_2,si,1.9109241962432861
103,2,16_2,si,1.9306621551513672
103,2,8_1,no,1.713749647140503
103,2,8_2,no,1.915309190750122
103,2,16_2,no,1.9319822788238525
103,3,8_1,si,3.8643064498901367
103,3,8_2,si,4.33410382270813
103,3,16_2,si,4.315816879272461
103,3,8_1,no,3.85050630569458
103,3,8_2,no,4.330376625061035
103,3,16_2,no,4.372206687927246
103,4,8_1,si,6.861961364746094
103,4,8_2,si,7.73340916633606
103,4,16_2,si,7.739612579345703
103,4,8_1,no,6.901490926742554
103,4,8_2,no,7.765411853790283
103,4,16_2,no,7.783226013183594
104,1,8_1,si,0.41346287727355957
104,1,8_2,si,0.4619452953338623
104,1,16_2,si,0.46563243865966797
104,1,8_1,no,0.40747737884521484
104,1,8_2,no,0.46248769760131836
104,1,16_2,no,0.4705955982208252
104,2,8_1,si,1.7122790813446045
104,2,8_2,si,1.916283130645752
104,2,16_2,si,1.9236729145050049
104,2,8_1,no,1.7137105464935303
104,2,8_2,no,1.9201993942260742
104,2,16_2,no,1.9296631813049316
104,3,8_1,si,3.8250856399536133
104,3,8_2,si,4.343317031860352
104,3,16_2,si,4.324638605117798
104,3,8_1,no,3.8465230464935303
104,3,8_2,no,4.300982236862183
104,3,16_2,no,4.365689992904663
104,4,8_1,si,6.862996339797974
104,4,8_2,si,7.688225507736206
104,4,16_2,si,7.657642602920532
104,4,8_1,no,6.849781036376953
104,4,8_2,no,7.702491760253906
104,4,16_2,no,7.727077484130859
